{"type":"FeatureCollection","features":[{"type":"Feature","geometry":{"type":"Polygon","coordinates":[[[150.95197,-33.7913],[150.95147,-33.78749],[150.95076,-33.78525],[150.94907,-33.78617],[150.94835,-33.7876],[150.94521,-33.78993],[150.9421,-33.79174],[150.94027,-33.79239],[150.938,-33.79397],[150.93714,-33.7953],[150.93623,-33.7963],[150.93508,-33.79829],[150.93509,-33.79895],[150.93627,-33.80213],[150.936,-33.80292],[150.93429,-33.8061],[150.93306,-33.80683],[150.93075,-33.80564],[150.92997,-33.80547],[150.92787,-33.80751],[150.92731,-33.81014],[150.91968,-33.809],[150.91956,-33.80913],[150.9192,-33.80886],[150.91847,-33.80882],[150.91471,-33.8294],[150.91603,-33.83026],[150.91242,-33.83474],[150.91331,-33.83507],[150.91373,-33.83572],[150.91442,-33.83576],[150.91476,-33.83552],[150.91562,-33.8357],[150.91585,-33.83595],[150.91634,-33.83737],[150.91706,-33.8374],[150.91701,-33.8379],[150.91716,-33.83813],[150.91785,-33.83778],[150.92019,-33.83865],[150.92067,-33.8392],[150.92159,-33.83902],[150.92267,-33.83956],[150.92299,-33.84006],[150.9234,-33.84141],[150.92383,-33.84177],[150.92499,-33.84209],[150.92535,-33.84154],[150.92646,-33.8418],[150.92691,-33.84169],[150.92735,-33.84125],[150.92814,-33.8413],[150.92872,-33.84162],[150.92927,-33.84156],[150.93065,-33.84228],[150.93067,-33.84287],[150.93253,-33.84314],[150.93247,-33.84361],[150.93285,-33.84385],[150.93277,-33.84475],[150.93339,-33.8451],[150.93309,-33.84547],[150.93316,-33.84565],[150.93371,-33.84549],[150.93361,-33.84507],[150.93375,-33.84497],[150.93532,-33.84552],[150.93606,-33.84606],[150.93648,-33.84572],[150.93748,-33.84624],[150.9381,-33.84603],[150.93866,-33.8465],[150.93884,-33.84695],[150.93871,-33.84737],[150.93837,-33.84773],[150.93831,-33.84833],[150.93744,-33.84828],[150.93725,-33.84839],[150.9373,-33.8488],[150.93785,-33.84907],[150.93766,-33.84937],[150.93813,-33.84937],[150.9385,-33.84899],[150.93884,-33.84899],[150.93951,-33.84933],[150.94,-33.85009],[150.94066,-33.84985],[150.94118,-33.85009],[150.94239,-33.84943],[150.94295,-33.84998],[150.94416,-33.84984],[150.94469,-33.84996],[150.94535,-33.85115],[150.94497,-33.85138],[150.9449,-33.85161],[150.94551,-33.85199],[150.94549,-33.85261],[150.94578,-33.85277],[150.94584,-33.85308],[150.94675,-33.85345],[150.94692,-33.85415],[150.94767,-33.85384],[150.94814,-33.85404],[150.9487,-33.85347],[150.9504,-33.85397],[150.95094,-33.85365],[150.9517,-33.85379],[150.95222,-33.85357],[150.9523,-33.85427],[150.95244,-33.85437],[150.95326,-33.85425],[150.95347,-33.85394],[150.95367,-33.85396],[150.95427,-33.85466],[150.95411,-33.85493],[150.95413,-33.85565],[150.95472,-33.85557],[150.95495,-33.85631],[150.95537,-33.85629],[150.95501,-33.85723],[150.95568,-33.85725],[150.95726,-33.85831],[150.9573,-33.85862],[150.95707,-33.85868],[150.95682,-33.85851],[150.95676,-33.85873],[150.95703,-33.85938],[150.95784,-33.85967],[150.95779,-33.85981],[150.95727,-33.85994],[150.95736,-33.86051],[150.95841,-33.86058],[150.95854,-33.8608],[150.95847,-33.8613],[150.95899,-33.86157],[150.95928,-33.86092],[150.95968,-33.86082],[150.95983,-33.8613],[150.9595,-33.86183],[150.95991,-33.86223],[150.95948,-33.86237],[150.95946,-33.86253],[150.96005,-33.86276],[150.96017,-33.86327],[150.9606,-33.86332],[150.9609,-33.86308],[150.96159,-33.86347],[150.96146,-33.86371],[150.96067,-33.86397],[150.9599,-33.86458],[150.96013,-33.86487],[150.96093,-33.86506],[150.96094,-33.86568],[150.96113,-33.86615],[150.96165,-33.86644],[150.96087,-33.86703],[150.96108,-33.86746],[150.96187,-33.86775],[150.96146,-33.86815],[150.96141,-33.86881],[150.96111,-33.8688],[150.96042,-33.86844],[150.95997,-33.86866],[150.96015,-33.86907],[150.96145,-33.86992],[150.97909,-33.86024],[150.98086,-33.85897],[150.98252,-33.85715],[150.9903,-33.86367],[150.99345,-33.86719],[150.99497,-33.86844],[151.02955,-33.88754],[151.03072,-33.888],[151.03202,-33.88826],[151.03317,-33.88827],[151.04949,-33.8871],[151.04909,-33.88586],[151.05601,-33.88427],[151.05858,-33.88428],[151.05869,-33.88364],[151.06146,-33.883],[151.06208,-33.87995],[151.06409,-33.88018],[151.06526,-33.87392],[151.06631,-33.87361],[151.06495,-33.87139],[151.06267,-33.8686],[151.06118,-33.86646],[151.05702,-33.8647],[151.05692,-33.86452],[151.05924,-33.864],[151.06062,-33.86388],[151.06421,-33.86391],[151.067,-33.86425],[151.06526,-33.86373],[151.06224,-33.86313],[151.06146,-33.86282],[151.06084,-33.86228],[151.06058,-33.86179],[151.0605,-33.86124],[151.06066,-33.86059],[151.06141,-33.85929],[151.06399,-33.85616],[151.06938,-33.85842],[151.07052,-33.85698],[151.06546,-33.85609],[151.0634,-33.85532],[151.05962,-33.85341],[151.05696,-33.85194],[151.05444,-33.85031],[151.04725,-33.84471],[151.04539,-33.84348],[151.03701,-33.83914],[151.02989,-33.83524],[151.02922,-33.83532],[151.02803,-33.83501],[151.02584,-33.83499],[151.02445,-33.83441],[151.02377,-33.83447],[151.02312,-33.83485],[151.02312,-33.83562],[151.02216,-33.83663],[151.02175,-33.83673],[151.02022,-33.83651],[151.01952,-33.83669],[151.01893,-33.83726],[151.00756,-33.83009],[151.00616,-33.82955],[151.00436,-33.82933],[151.00496,-33.82765],[151.0041,-33.82747],[151.00255,-33.82745],[150.99862,-33.82801],[150.99631,-33.82783],[150.99463,-33.8273],[150.98828,-33.82432],[150.98803,-33.82416],[150.98858,-33.82384],[150.98905,-33.82285],[150.99174,-33.81881],[150.99361,-33.81856],[150.9929,-33.8161],[150.99409,-33.81595],[150.99396,-33.81509],[150.99003,-33.81095],[150.9909,-33.80968],[150.98796,-33.80849],[150.98497,-33.80785],[150.98259,-33.8078],[150.97769,-33.80828],[150.97505,-33.80798],[150.97106,-33.80659],[150.96593,-33.80443],[150.96072,-33.80347],[150.95851,-33.80271],[150.95687,-33.80181],[150.95593,-33.80107],[150.95475,-33.79978],[150.95361,-33.79816],[150.95294,-33.79681],[150.95255,-33.79557],[150.95197,-33.7913]]]},"properties":{"lganame":"CUMBERLAND","councilname":"CUMBERLAND COUNCIL","abscode":2380}},{"type":"Feature","geometry":{"type":"Polygon","coordinates":[[[151.11942,-33.87107],[151.11933,-33.87094],[151.1168,-33.8707],[151.11321,-33.86986],[151.10049,-33.86838],[151.09575,-33.86709],[151.09459,-33.87023],[151.09494,-33.87032],[151.09397,-33.87402],[151.09143,-33.88738],[151.09151,-33.8881],[151.0913,-33.8892],[151.09112,-33.88928],[151.08921,-33.89934],[151.08895,-33.89976],[151.0893,-33.90057],[151.09166,-33.90191],[151.09413,-33.9021],[151.09648,-33.90348],[151.09765,-33.9036],[151.09938,-33.90282],[151.09945,-33.90191],[151.09892,-33.90087],[151.09962,-33.89747],[151.11239,-33.89436],[151.11328,-33.88693],[151.11267,-33.88667],[151.11772,-33.88058],[151.11788,-33.88066],[151.11819,-33.88019],[151.11844,-33.88018],[151.11851,-33.88007],[151.11825,-33.87995],[151.12068,-33.877],[151.11821,-33.8767],[151.11942,-33.87107]]]},"properties":{"lganame":"BURWOOD","councilname":"BURWOOD COUNCIL","abscode":1300}},{"type":"Feature","geometry":{"type":"Polygon","coordinates":[[[151.23722,-33.89075],[151.23311,-33.88949],[151.23286,-33.89125],[151.2296,-33.89637],[151.22907,-33.89681],[151.22836,-33.89709],[151.2277,-33.89714],[151.22702,-33.89695],[151.22662,-33.89736],[151.22704,-33.8976],[151.22725,-33.89794],[151.22726,-33.89836],[151.22704,-33.89876],[151.22465,-33.90104],[151.22244,-33.9016],[151.22341,-33.9038],[151.22316,-33.90463],[151.22218,-33.90449],[151.22208,-33.90491],[151.21429,-33.90384],[151.21301,-33.91014],[151.21281,-33.91249],[151.21133,-33.919],[151.21111,-33.9205],[151.21128,-33.92141],[151.21212,-33.92275],[151.21425,-33.92439],[151.22221,-33.92552],[151.2241,-33.92557],[151.22799,-33.92496],[151.22817,-33.92514],[151.23021,-33.93306],[151.23048,-33.93526],[151.22945,-33.93787],[151.22772,-33.9415],[151.22677,-33.94458],[151.22677,-33.94528],[151.22708,-33.94584],[151.22809,-33.94666],[151.22979,-33.94745],[151.23001,-33.94771],[151.23139,-33.94986],[151.23164,-33.95194],[151.23144,-33.95257],[151.23037,-33.95393],[151.23025,-33.95559],[151.22557,-33.95647],[151.22194,-33.95919],[151.22117,-33.9591],[151.22016,-33.96426],[151.22085,-33.96839],[151.21013,-33.97183],[151.20717,-33.98293],[151.21235,-33.98694],[151.2242,-33.97634],[151.22408,-33.97688],[151.22424,-33.97647],[151.22454,-33.9764],[151.22631,-33.97669],[151.22834,-33.97814],[151.22904,-33.97913],[151.22916,-33.98002],[151.22865,-33.98039],[151.22899,-33.98062],[151.22894,-33.98104],[151.22863,-33.98149],[151.22796,-33.98178],[151.22798,-33.982],[151.22822,-33.98206],[151.22794,-33.98221],[151.22804,-33.98244],[151.22844,-33.98258],[151.22861,-33.98282],[151.22989,-33.9831],[151.23063,-33.98359],[151.23145,-33.98559],[151.23161,-33.98667],[151.23133,-33.98748],[151.23074,-33.98801],[151.23048,-33.98798],[151.2303,-33.98772],[151.23,-33.98777],[151.22985,-33.98809],[151.22905,-33.98873],[151.22896,-33.98906],[151.2291,-33.98943],[151.23047,-33.98941],[151.23161,-33.99016],[151.23182,-33.99057],[151.2321,-33.99063],[151.23357,-33.98979],[151.2343,-33.98907],[151.2357,-33.98926],[151.23645,-33.99015],[151.23751,-33.99068],[151.23849,-33.99168],[151.2384,-33.99199],[151.23787,-33.99233],[151.23724,-33.99313],[151.23802,-33.99493],[151.2387,-33.99565],[151.23825,-33.99581],[151.238,-33.99608],[151.23771,-33.99781],[151.23787,-33.99835],[151.23854,-33.99849],[151.23994,-33.99813],[151.24117,-33.99838],[151.24175,-33.99929],[151.24259,-33.99996],[151.24302,-33.99966],[151.24382,-33.99869],[151.24435,-33.99847],[151.24438,-33.99785],[151.24474,-33.99748],[151.24535,-33.99748],[151.24621,-33.99778],[151.24642,-33.99804],[151.24739,-33.99794],[151.24832,-33.99817],[151.24804,-33.99843],[151.248,-33.99891],[151.24837,-33.99968],[151.24838,-34.00002],[151.24797,-34.001],[151.24832,-34.00132],[151.24875,-34.00143],[151.24927,-34.00131],[151.2495,-34.00087],[151.24949,-33.99916],[151.2493,-33.99862],[151.25027,-33.99769],[151.25025,-33.9972],[151.2506,-33.99708],[151.25066,-33.99646],[151.25126,-33.99605],[151.25192,-33.99603],[151.25222,-33.99579],[151.2521,-33.99538],[151.25162,-33.99513],[151.25171,-33.99462],[151.25192,-33.99421],[151.25227,-33.99408],[151.25342,-33.99118],[151.25347,-33.99048],[151.25332,-33.98995],[151.25282,-33.9892],[151.25292,-33.98834],[151.25258,-33.98759],[151.25246,-33.98671],[151.25307,-33.98612],[151.25376,-33.98624],[151.2536,-33.9854],[151.25401,-33.9853],[151.25377,-33.98467],[151.25501,-33.98296],[151.25497,-33.98272],[151.25442,-33.9826],[151.25376,-33.98209],[151.25389,-33.98181],[151.25437,-33.98184],[151.2546,-33.9817],[151.25393,-33.98122],[151.25419,-33.9806],[151.25405,-33.98012],[151.25377,-33.98027],[151.25324,-33.97979],[151.25245,-33.97962],[151.25175,-33.97973],[151.25158,-33.97954],[151.25162,-33.97914],[151.25201,-33.97885],[151.25377,-33.97861],[151.25527,-33.97816],[151.25623,-33.97724],[151.25826,-33.97718],[151.259,-33.97676],[151.25963,-33.97615],[151.25904,-33.97531],[151.25894,-33.97457],[151.25853,-33.97402],[151.25851,-33.97372],[151.2578,-33.97317],[151.25809,-33.97293],[151.25814,-33.9726],[151.25793,-33.97235],[151.2579,-33.97161],[151.25611,-33.9698],[151.25611,-33.96953],[151.25568,-33.96913],[151.25508,-33.96886],[151.25481,-33.96836],[151.25439,-33.96814],[151.25365,-33.96668],[151.25202,-33.96516],[151.25219,-33.96439],[151.25254,-33.96417],[151.2533,-33.96415],[151.25497,-33.96492],[151.25611,-33.96506],[151.25768,-33.96602],[151.25844,-33.96691],[151.26002,-33.96792],[151.26134,-33.96801],[151.26352,-33.96858],[151.2652,-33.96878],[151.26594,-33.96844],[151.26605,-33.96786],[151.26641,-33.9674],[151.26603,-33.96638],[151.26599,-33.9654],[151.26553,-33.96464],[151.26544,-33.96377],[151.26478,-33.96274],[151.26326,-33.96107],[151.26342,-33.96068],[151.26384,-33.96033],[151.26507,-33.96001],[151.266,-33.95945],[151.26602,-33.95916],[151.26548,-33.95839],[151.26539,-33.95787],[151.26288,-33.95619],[151.26164,-33.95512],[151.26051,-33.95452],[151.2584,-33.95291],[151.25773,-33.95263],[151.25741,-33.95205],[151.25733,-33.95026],[151.25746,-33.94931],[151.25885,-33.94632],[151.25965,-33.94561],[151.25991,-33.94558],[151.26051,-33.94588],[151.26126,-33.9455],[151.26318,-33.94362],[151.26423,-33.94353],[151.26449,-33.94257],[151.26526,-33.94262],[151.26535,-33.94243],[151.26519,-33.94221],[151.26574,-33.94149],[151.2656,-33.94113],[151.26513,-33.94086],[151.26418,-33.93978],[151.26375,-33.93963],[151.26335,-33.93916],[151.26127,-33.93833],[151.26062,-33.93823],[151.25977,-33.93736],[151.26005,-33.93687],[151.26096,-33.93669],[151.26157,-33.93628],[151.26221,-33.93428],[151.26222,-33.93313],[151.2618,-33.93245],[151.26067,-33.93172],[151.26004,-33.93072],[151.26006,-33.92897],[151.26117,-33.92791],[151.26142,-33.92746],[151.25971,-33.92583],[151.25968,-33.92534],[151.25932,-33.92524],[151.25899,-33.92473],[151.25859,-33.92351],[151.25825,-33.92301],[151.25824,-33.92195],[151.25854,-33.92108],[151.25917,-33.92015],[151.25984,-33.91995],[151.26032,-33.92038],[151.26084,-33.92028],[151.26108,-33.91999],[151.26133,-33.91887],[151.262,-33.91829],[151.26318,-33.91767],[151.26307,-33.91699],[151.26178,-33.91553],[151.2616,-33.9151],[151.26217,-33.91494],[151.26329,-33.91509],[151.26526,-33.91626],[151.26705,-33.91662],[151.26798,-33.91626],[151.26836,-33.9156],[151.26834,-33.91533],[151.27028,-33.91506],[151.27088,-33.91544],[151.27107,-33.91542],[151.27128,-33.91524],[151.27121,-33.91507],[151.27139,-33.91501],[151.27134,-33.91447],[151.2716,-33.91431],[151.27153,-33.91392],[151.27193,-33.91322],[151.27157,-33.9131],[151.27136,-33.91273],[151.27153,-33.91254],[151.27121,-33.91219],[151.27129,-33.91198],[151.27113,-33.91193],[151.27116,-33.91161],[151.27082,-33.91107],[151.2636,-33.90998],[151.26368,-33.90938],[151.25949,-33.90873],[151.25968,-33.90783],[151.25696,-33.90744],[151.25669,-33.907],[151.25423,-33.90663],[151.25385,-33.90589],[151.25404,-33.90496],[151.25278,-33.90477],[151.25297,-33.90392],[151.24274,-33.90244],[151.24161,-33.90264],[151.24194,-33.90091],[151.24175,-33.90074],[151.24236,-33.89757],[151.24102,-33.89683],[151.24079,-33.8948],[151.24186,-33.89016],[151.24056,-33.88993],[151.23929,-33.89041],[151.23722,-33.89075]]]},"properties":{"lganame":"RANDWICK","councilname":"RANDWICK CITY COUNCIL","abscode":6550}},{"type":"Feature","geometry":{"type":"Polygon","coordinates":[[[151.08401,-33.85784],[151.08142,-33.84999],[151.08016,-33.85178],[151.07837,-33.85332],[151.07635,-33.85441],[151.07124,-33.85644],[151.07028,-33.8572],[151.06938,-33.85842],[151.06399,-33.85616],[151.06126,-33.8595],[151.06059,-33.86074],[151.06058,-33.86179],[151.06114,-33.8626],[151.06197,-33.86305],[151.067,-33.86425],[151.06421,-33.86391],[151.06062,-33.86388],[151.05924,-33.864],[151.05692,-33.86452],[151.05702,-33.8647],[151.06118,-33.86646],[151.06267,-33.8686],[151.06495,-33.87139],[151.06635,-33.8737],[151.06526,-33.87392],[151.06409,-33.88018],[151.06208,-33.87995],[151.06146,-33.883],[151.05869,-33.88364],[151.05714,-33.89166],[151.05914,-33.89026],[151.06179,-33.88805],[151.06358,-33.88694],[151.0654,-33.88627],[151.06824,-33.88597],[151.06745,-33.88896],[151.06618,-33.8955],[151.06406,-33.90494],[151.06857,-33.90565],[151.06828,-33.90685],[151.0639,-33.90616],[151.06437,-33.9078],[151.07553,-33.90953],[151.07633,-33.90803],[151.07689,-33.90759],[151.07782,-33.90729],[151.07987,-33.90523],[151.08272,-33.90272],[151.08594,-33.90072],[151.08772,-33.90001],[151.08895,-33.89976],[151.08921,-33.89934],[151.09112,-33.88928],[151.0913,-33.8892],[151.09151,-33.8881],[151.09143,-33.88738],[151.09397,-33.87402],[151.0946,-33.87146],[151.09335,-33.87065],[151.09183,-33.86917],[151.0914,-33.86766],[151.09151,-33.86736],[151.09128,-33.86731],[151.09066,-33.86551],[151.08812,-33.86514],[151.08741,-33.86343],[151.08642,-33.86257],[151.08626,-33.86209],[151.08548,-33.86126],[151.08477,-33.86005],[151.08401,-33.85784]]]},"properties":{"lganame":"STRATHFIELD","councilname":"STRATHFIELD MUNICIPAL COUNCIL","abscode":7100}},{"type":"Feature","geometry":{"type":"Polygon","coordinates":[[[151.10101,-33.94045],[151.10068,-33.93884],[151.09953,-33.93931],[151.09738,-33.93986],[151.09298,-33.94054],[151.09199,-33.94062],[151.08693,-33.94029],[151.08469,-33.94053],[151.08329,-33.941],[151.07728,-33.94364],[151.07879,-33.94712],[151.05914,-33.95024],[151.05912,-33.94929],[151.05798,-33.9495],[151.0425,-33.94747],[151.04272,-33.94982],[151.04209,-33.95134],[151.04233,-33.9522],[151.04179,-33.95602],[151.04199,-33.95832],[151.04129,-33.961],[151.04193,-33.96257],[151.04311,-33.96468],[151.04454,-33.9666],[151.0448,-33.96786],[151.04551,-33.9689],[151.04557,-33.96976],[151.04539,-33.97036],[151.04508,-33.97076],[151.04292,-33.97149],[151.04256,-33.97281],[151.0417,-33.97388],[151.03914,-33.97533],[151.03661,-33.97646],[151.03687,-33.97739],[151.0369,-33.97889],[151.03892,-33.98133],[151.03914,-33.98197],[151.03869,-33.98261],[151.03786,-33.98316],[151.03395,-33.9835],[151.03335,-33.98372],[151.03312,-33.98403],[151.03288,-33.98512],[151.03315,-33.98696],[151.03417,-33.98853],[151.03508,-33.99068],[151.03641,-33.99154],[151.03744,-33.99194],[151.03951,-33.99179],[151.04275,-33.99237],[151.04597,-33.99236],[151.05191,-33.99299],[151.05328,-33.9926],[151.0546,-33.9919],[151.05683,-33.99005],[151.05868,-33.98789],[151.0598,-33.98732],[151.06053,-33.98734],[151.06145,-33.9878],[151.06226,-33.98877],[151.0633,-33.98924],[151.06522,-33.98949],[151.06674,-33.9899],[151.06764,-33.99108],[151.06873,-33.99318],[151.06928,-33.99384],[151.07075,-33.9952],[151.07214,-33.99605],[151.07451,-33.99592],[151.07883,-33.99491],[151.08321,-33.99431],[151.08552,-33.99441],[151.08708,-33.9947],[151.09052,-33.99502],[151.09988,-33.99569],[151.10056,-33.99629],[151.10086,-33.99715],[151.1008,-33.99793],[151.09987,-34.00175],[151.10005,-34.00271],[151.10066,-34.00325],[151.1026,-34.00359],[151.10406,-34.00343],[151.10608,-34.00286],[151.10739,-34.00267],[151.10988,-34.00265],[151.11221,-34.00287],[151.11782,-34.00419],[151.12283,-34.00624],[151.12764,-34.00781],[151.12847,-34.00563],[151.12848,-34.00471],[151.12819,-34.0041],[151.12763,-34.00345],[151.1265,-34.00271],[151.12619,-34.00189],[151.13597,-33.98578],[151.13676,-33.98184],[151.13613,-33.96904],[151.13804,-33.95981],[151.13473,-33.95616],[151.13213,-33.96396],[151.13143,-33.96526],[151.13038,-33.96633],[151.12924,-33.96708],[151.12783,-33.96759],[151.11882,-33.9694],[151.11283,-33.96243],[151.11293,-33.96239],[151.11009,-33.95899],[151.10199,-33.94968],[151.10296,-33.94953],[151.10101,-33.94045]]]},"properties":{"lganame":"GEORGES RIVER","councilname":"GEORGES RIVER COUNCIL","abscode":2930}},{"type":"Feature","geometry":{"type":"Polygon","coordinates":[[[151.10937,-33.76259],[151.10755,-33.76188],[151.10593,-33.76164],[151.10537,-33.76118],[151.10484,-33.76165],[151.1045,-33.76261],[151.10425,-33.76284],[151.10358,-33.76304],[151.10245,-33.76298],[151.10185,-33.76235],[151.10153,-33.76237],[151.10103,-33.76261],[151.09955,-33.76388],[151.09854,-33.76439],[151.09827,-33.76548],[151.09679,-33.76576],[151.09669,-33.766],[151.09695,-33.76716],[151.0965,-33.76786],[151.09599,-33.76921],[151.09526,-33.77013],[151.09404,-33.77045],[151.0938,-33.77073],[151.09368,-33.77178],[151.09452,-33.77287],[151.09436,-33.7732],[151.09329,-33.77423],[151.09332,-33.77491],[151.09372,-33.77569],[151.0933,-33.77699],[151.09397,-33.77808],[151.09374,-33.77871],[151.09247,-33.77965],[151.09138,-33.78095],[151.08979,-33.78114],[151.08844,-33.78159],[151.08801,-33.78282],[151.08504,-33.78393],[151.08513,-33.78453],[151.08479,-33.78494],[151.08518,-33.78643],[151.08276,-33.78696],[151.08246,-33.78851],[151.08194,-33.78845],[151.08069,-33.78761],[151.07967,-33.78743],[151.07916,-33.78718],[151.07661,-33.78742],[151.07682,-33.78824],[151.07347,-33.78886],[151.06582,-33.79087],[151.06635,-33.79259],[151.06633,-33.79318],[151.06521,-33.7949],[151.06504,-33.79552],[151.0652,-33.7964],[151.06598,-33.79763],[151.06612,-33.80262],[151.06659,-33.80342],[151.07016,-33.80615],[151.07384,-33.81709],[151.07389,-33.81791],[151.07296,-33.81873],[151.07452,-33.81845],[151.07485,-33.81862],[151.07467,-33.81865],[151.07488,-33.81883],[151.07578,-33.81931],[151.07585,-33.81963],[151.07661,-33.81977],[151.07722,-33.8196],[151.07726,-33.8197],[151.07796,-33.8194],[151.07862,-33.81942],[151.07909,-33.81965],[151.07902,-33.81947],[151.07919,-33.81963],[151.08029,-33.81906],[151.08181,-33.81868],[151.08407,-33.81868],[151.08607,-33.81925],[151.08699,-33.82017],[151.08758,-33.82054],[151.08842,-33.8207],[151.08861,-33.82101],[151.08893,-33.82108],[151.08917,-33.82087],[151.08984,-33.82106],[151.09071,-33.82064],[151.09146,-33.81987],[151.09297,-33.81959],[151.0939,-33.82034],[151.09418,-33.82077],[151.09434,-33.82178],[151.09414,-33.82204],[151.09452,-33.82225],[151.09538,-33.82223],[151.09675,-33.8231],[151.0974,-33.82303],[151.098,-33.82407],[151.09902,-33.82416],[151.09944,-33.82435],[151.09975,-33.82476],[151.09967,-33.82488],[151.09991,-33.82511],[151.10001,-33.82558],[151.09941,-33.82621],[151.09993,-33.82657],[151.10005,-33.82647],[151.1005,-33.82668],[151.10122,-33.82746],[151.10116,-33.82829],[151.10095,-33.82861],[151.10145,-33.83032],[151.10142,-33.83071],[151.10172,-33.83096],[151.10203,-33.83093],[151.10228,-33.83041],[151.10284,-33.83008],[151.10425,-33.83045],[151.10506,-33.83093],[151.10603,-33.83051],[151.10722,-33.83061],[151.10775,-33.83089],[151.10834,-33.83092],[151.10806,-33.83115],[151.10876,-33.83224],[151.10882,-33.833],[151.10839,-33.83401],[151.1088,-33.83534],[151.10863,-33.83555],[151.10871,-33.83564],[151.10951,-33.83534],[151.1108,-33.83518],[151.11102,-33.83459],[151.11177,-33.83438],[151.11186,-33.83399],[151.11166,-33.83269],[151.11062,-33.83108],[151.11069,-33.82995],[151.11173,-33.82963],[151.11274,-33.82973],[151.11371,-33.83011],[151.1135,-33.83023],[151.11332,-33.83076],[151.11378,-33.83166],[151.1136,-33.83185],[151.11394,-33.83232],[151.11437,-33.83245],[151.11447,-33.83276],[151.11558,-33.83308],[151.1157,-33.83323],[151.11561,-33.8333],[151.11591,-33.83335],[151.11621,-33.83381],[151.11599,-33.83435],[151.11494,-33.83491],[151.11485,-33.83575],[151.11504,-33.83621],[151.11506,-33.83686],[151.11615,-33.83717],[151.11642,-33.83701],[151.11671,-33.83707],[151.1172,-33.83676],[151.11765,-33.83596],[151.11814,-33.83572],[151.1183,-33.83529],[151.1187,-33.83491],[151.11884,-33.83345],[151.11915,-33.83283],[151.11971,-33.83268],[151.12006,-33.83296],[151.1208,-33.83465],[151.12142,-33.835],[151.12043,-33.83567],[151.12003,-33.8363],[151.11962,-33.83753],[151.11973,-33.83785],[151.12039,-33.83831],[151.12203,-33.83828],[151.12253,-33.83861],[151.12298,-33.83919],[151.12359,-33.83938],[151.12396,-33.83983],[151.12425,-33.83985],[151.12441,-33.84012],[151.12436,-33.84056],[151.12495,-33.84165],[151.12552,-33.84163],[151.12577,-33.84151],[151.12574,-33.84125],[151.12594,-33.84131],[151.12553,-33.8402],[151.12555,-33.83948],[151.12636,-33.8383],[151.12677,-33.8392],[151.12665,-33.83938],[151.12746,-33.84059],[151.12749,-33.84094],[151.12828,-33.84161],[151.12806,-33.83854],[151.12847,-33.8367],[151.12835,-33.83606],[151.12696,-33.83293],[151.12677,-33.83022],[151.12996,-33.82823],[151.13592,-33.81966],[151.13706,-33.81922],[151.13765,-33.81865],[151.13766,-33.81783],[151.137,-33.81659],[151.13614,-33.8163],[151.13557,-33.81548],[151.13578,-33.81505],[151.13616,-33.81471],[151.13669,-33.81515],[151.13812,-33.81541],[151.13869,-33.81567],[151.13885,-33.81612],[151.1385,-33.81703],[151.1392,-33.81851],[151.13942,-33.81865],[151.1418,-33.81823],[151.14377,-33.81817],[151.14356,-33.81691],[151.14394,-33.81629],[151.14372,-33.81553],[151.14333,-33.81499],[151.14215,-33.81458],[151.14146,-33.8133],[151.1412,-33.81186],[151.14174,-33.81138],[151.14159,-33.81082],[151.14176,-33.80974],[151.14105,-33.80832],[151.14102,-33.80789],[151.14124,-33.80751],[151.14332,-33.80581],[151.14376,-33.80519],[151.14395,-33.8045],[151.1438,-33.80349],[151.14232,-33.80214],[151.14248,-33.80147],[151.14377,-33.80066],[151.14469,-33.79939],[151.1479,-33.79903],[151.14876,-33.79876],[151.1502,-33.79925],[151.15081,-33.79926],[151.15267,-33.79861],[151.15317,-33.79897],[151.15339,-33.79991],[151.1536,-33.80008],[151.15442,-33.80008],[151.1558,-33.79972],[151.1565,-33.79992],[151.15731,-33.80047],[151.15852,-33.79944],[151.1587,-33.79872],[151.15722,-33.79659],[151.15702,-33.79568],[151.15691,-33.79294],[151.15656,-33.79219],[151.15676,-33.79211],[151.15657,-33.7915],[151.15637,-33.79134],[151.15596,-33.79126],[151.15458,-33.79145],[151.15331,-33.79069],[151.15245,-33.79041],[151.15128,-33.79218],[151.15012,-33.79307],[151.1491,-33.79436],[151.14867,-33.79441],[151.14832,-33.79419],[151.1472,-33.79173],[151.14707,-33.79064],[151.14744,-33.78922],[151.14695,-33.78823],[151.14736,-33.78804],[151.14865,-33.78799],[151.14895,-33.7878],[151.14892,-33.78751],[151.1481,-33.78662],[151.1469,-33.78581],[151.14481,-33.78557],[151.14429,-33.78341],[151.1432,-33.78304],[151.14288,-33.78268],[151.14293,-33.78154],[151.14276,-33.78114],[151.14167,-33.78151],[151.14042,-33.78258],[151.14007,-33.78259],[151.1397,-33.78231],[151.1394,-33.78163],[151.13934,-33.78028],[151.13868,-33.77903],[151.13886,-33.77864],[151.13977,-33.7787],[151.14014,-33.77794],[151.14011,-33.77649],[151.13955,-33.77577],[151.13946,-33.77504],[151.1392,-33.77468],[151.13792,-33.77445],[151.13768,-33.77471],[151.13734,-33.77585],[151.13684,-33.77602],[151.13516,-33.77554],[151.13421,-33.77494],[151.13288,-33.77516],[151.13243,-33.77502],[151.132,-33.77438],[151.13229,-33.77399],[151.13298,-33.77373],[151.13338,-33.77339],[151.13288,-33.77309],[151.12918,-33.77228],[151.1275,-33.77222],[151.12648,-33.77277],[151.12569,-33.77252],[151.12433,-33.77141],[151.12313,-33.76997],[151.12235,-33.77022],[151.12192,-33.77005],[151.1218,-33.76987],[151.12185,-33.76918],[151.12113,-33.76842],[151.12078,-33.76836],[151.12025,-33.76859],[151.11994,-33.76846],[151.11983,-33.76801],[151.12017,-33.76725],[151.11972,-33.7657],[151.11976,-33.76517],[151.11932,-33.76474],[151.11915,-33.76422],[151.11933,-33.76361],[151.11931,-33.76291],[151.11891,-33.76253],[151.11743,-33.76207],[151.11684,-33.76132],[151.11587,-33.7612],[151.11329,-33.7613],[151.11099,-33.7618],[151.10985,-33.76249],[151.10937,-33.76259]]]},"properties":{"lganame":"RYDE","councilname":"RYDE CITY COUNCIL","abscode":6700}},{"type":"Feature","geometry":{"type":"Polygon","coordinates":[[[151.16657,-33.66387],[151.1654,-33.66318],[151.16449,-33.66207],[151.16354,-33.66134],[151.16141,-33.65998],[151.15999,-33.66027],[151.15967,-33.66057],[151.15899,-33.66236],[151.15756,-33.66364],[151.15657,-33.66391],[151.15514,-33.66349],[151.15458,-33.66388],[151.15435,-33.66457],[151.15438,-33.66519],[151.15474,-33.66591],[151.15544,-33.66657],[151.15537,-33.66706],[151.15495,-33.66724],[151.15358,-33.66729],[151.15295,-33.6675],[151.15256,-33.66793],[151.15225,-33.66887],[151.15183,-33.66919],[151.1495,-33.66937],[151.14884,-33.66966],[151.14765,-33.67196],[151.14767,-33.67231],[151.14805,-33.67291],[151.14804,-33.67325],[151.14725,-33.67428],[151.14657,-33.67467],[151.14493,-33.67488],[151.14436,-33.67513],[151.14365,-33.6756],[151.14322,-33.67642],[151.14203,-33.67764],[151.14144,-33.67784],[151.14079,-33.67785],[151.13882,-33.67757],[151.13811,-33.6778],[151.138,-33.67829],[151.13822,-33.67886],[151.13806,-33.67933],[151.13638,-33.68197],[151.13646,-33.68237],[151.13682,-33.68276],[151.13801,-33.68285],[151.13781,-33.68437],[151.13505,-33.68468],[151.13447,-33.68549],[151.1333,-33.68601],[151.1314,-33.68767],[151.13001,-33.6878],[151.12934,-33.68865],[151.12905,-33.68954],[151.12877,-33.6897],[151.12824,-33.68973],[151.12762,-33.68914],[151.12729,-33.68902],[151.12566,-33.68928],[151.12497,-33.68843],[151.12444,-33.68852],[151.12373,-33.68895],[151.12306,-33.68976],[151.1223,-33.69154],[151.1215,-33.69229],[151.12112,-33.69496],[151.11868,-33.69893],[151.11805,-33.70111],[151.1183,-33.70374],[151.1182,-33.70489],[151.11761,-33.70754],[151.11668,-33.70983],[151.1149,-33.71264],[151.11194,-33.71598],[151.11004,-33.71865],[151.10833,-33.71829],[151.10656,-33.72758],[151.10585,-33.72781],[151.10459,-33.72903],[151.1041,-33.72921],[151.10308,-33.72918],[151.10257,-33.72966],[151.10056,-33.73046],[151.0937,-33.72948],[151.09231,-33.73051],[151.09265,-33.73116],[151.09237,-33.73194],[151.09272,-33.73252],[151.09241,-33.7337],[151.09227,-33.73378],[151.0914,-33.73353],[151.0905,-33.73423],[151.08978,-33.73619],[151.09015,-33.73823],[151.09131,-33.73908],[151.09179,-33.7399],[151.09209,-33.74087],[151.0908,-33.74211],[151.09114,-33.7444],[151.09315,-33.74617],[151.09326,-33.74654],[151.09299,-33.74725],[151.09327,-33.74769],[151.09558,-33.74833],[151.097,-33.7482],[151.0982,-33.74831],[151.09896,-33.7496],[151.0991,-33.75091],[151.10025,-33.75204],[151.10009,-33.75357],[151.10058,-33.75484],[151.10091,-33.75496],[151.1016,-33.75423],[151.10195,-33.75421],[151.10355,-33.75629],[151.10534,-33.75751],[151.10507,-33.75891],[151.10541,-33.75961],[151.10534,-33.7611],[151.10561,-33.76147],[151.1061,-33.76169],[151.10755,-33.76188],[151.10945,-33.7626],[151.11099,-33.7618],[151.11329,-33.7613],[151.11587,-33.7612],[151.11684,-33.76132],[151.11743,-33.76207],[151.11891,-33.76253],[151.11931,-33.76291],[151.11933,-33.76361],[151.11915,-33.76422],[151.11932,-33.76474],[151.11976,-33.76517],[151.11972,-33.7657],[151.12017,-33.76725],[151.11983,-33.76801],[151.11994,-33.76846],[151.12025,-33.76859],[151.12078,-33.76836],[151.12113,-33.76842],[151.12185,-33.76918],[151.1218,-33.76987],[151.12192,-33.77005],[151.12235,-33.77022],[151.12313,-33.76997],[151.12433,-33.77141],[151.12569,-33.77252],[151.12648,-33.77277],[151.1275,-33.77222],[151.12918,-33.77228],[151.13288,-33.77309],[151.13338,-33.77339],[151.13298,-33.77373],[151.13229,-33.77399],[151.132,-33.77438],[151.13243,-33.77502],[151.13288,-33.77516],[151.13421,-33.77494],[151.13516,-33.77554],[151.13684,-33.77602],[151.13734,-33.77585],[151.13768,-33.77471],[151.13792,-33.77445],[151.13853,-33.77448],[151.13928,-33.77474],[151.13955,-33.77577],[151.14011,-33.77649],[151.14013,-33.778],[151.13977,-33.7787],[151.13892,-33.77863],[151.13867,-33.77896],[151.13934,-33.78028],[151.1394,-33.78163],[151.1397,-33.78231],[151.14007,-33.78259],[151.14042,-33.78258],[151.14167,-33.78151],[151.14276,-33.78114],[151.14293,-33.78154],[151.14288,-33.78268],[151.1432,-33.78304],[151.14429,-33.78341],[151.14481,-33.78557],[151.1469,-33.78581],[151.148,-33.78654],[151.14889,-33.78743],[151.14895,-33.7878],[151.14875,-33.78795],[151.14736,-33.78804],[151.14694,-33.7883],[151.14744,-33.78922],[151.14706,-33.79076],[151.14725,-33.79193],[151.14787,-33.793],[151.14826,-33.79409],[151.14867,-33.79441],[151.1491,-33.79436],[151.15012,-33.79307],[151.15114,-33.79234],[151.15245,-33.79041],[151.15331,-33.79069],[151.15458,-33.79145],[151.15628,-33.79131],[151.15657,-33.7915],[151.15676,-33.79211],[151.15853,-33.79171],[151.15914,-33.79179],[151.15978,-33.79213],[151.16028,-33.792],[151.161,-33.79221],[151.16243,-33.79131],[151.16333,-33.79142],[151.16456,-33.79198],[151.16641,-33.79197],[151.16768,-33.79093],[151.16909,-33.79049],[151.17037,-33.79064],[151.17082,-33.79093],[151.17153,-33.79109],[151.17178,-33.79044],[151.17251,-33.78949],[151.2072,-33.77883],[151.20662,-33.77756],[151.20585,-33.77718],[151.20669,-33.77753],[151.20723,-33.7774],[151.20741,-33.77714],[151.20733,-33.77686],[151.20647,-33.77593],[151.20631,-33.77548],[151.20513,-33.7748],[151.20492,-33.77441],[151.20294,-33.77369],[151.20192,-33.77355],[151.20202,-33.77299],[151.2018,-33.77209],[151.20235,-33.77166],[151.20257,-33.77123],[151.2026,-33.77073],[151.2024,-33.77039],[151.20182,-33.76992],[151.20116,-33.7697],[151.20079,-33.76894],[151.19942,-33.76864],[151.19849,-33.76807],[151.19854,-33.76744],[151.19833,-33.76724],[151.19828,-33.76645],[151.19843,-33.76573],[151.19865,-33.76544],[151.19858,-33.76504],[151.19883,-33.7646],[151.19853,-33.76409],[151.19854,-33.76277],[151.19829,-33.76219],[151.19725,-33.76162],[151.19615,-33.76151],[151.19471,-33.76099],[151.19308,-33.76014],[151.19276,-33.75987],[151.193,-33.75962],[151.19245,-33.75914],[151.19207,-33.75844],[151.19121,-33.75798],[151.19061,-33.75743],[151.1907,-33.75577],[151.19056,-33.75566],[151.1907,-33.75544],[151.19186,-33.75508],[151.19164,-33.7555],[151.19222,-33.75512],[151.1924,-33.75491],[151.19231,-33.75479],[151.19251,-33.75501],[151.19416,-33.75424],[151.19576,-33.7538],[151.19523,-33.75326],[151.19377,-33.75275],[151.19372,-33.75213],[151.19396,-33.75103],[151.19362,-33.75002],[151.1931,-33.74969],[151.19192,-33.74939],[151.19207,-33.74811],[151.19176,-33.74783],[151.19047,-33.74727],[151.18916,-33.74481],[151.18839,-33.74374],[151.18808,-33.74365],[151.18755,-33.74413],[151.187,-33.74437],[151.18484,-33.74388],[151.18348,-33.74322],[151.18184,-33.74268],[151.1817,-33.74242],[151.18226,-33.74171],[151.18071,-33.74103],[151.18029,-33.7406],[151.18036,-33.73976],[151.18078,-33.73881],[151.18219,-33.73689],[151.18215,-33.73621],[151.18171,-33.73479],[151.1818,-33.73447],[151.18271,-33.73409],[151.18213,-33.73329],[151.18228,-33.73269],[151.18394,-33.73135],[151.18472,-33.73042],[151.18559,-33.72984],[151.18677,-33.72846],[151.18785,-33.72807],[151.19029,-33.7279],[151.19078,-33.72806],[151.19138,-33.72861],[151.19175,-33.72813],[151.19169,-33.72727],[151.192,-33.7266],[151.19066,-33.72602],[151.18994,-33.72544],[151.18924,-33.7259],[151.18876,-33.72578],[151.18861,-33.72486],[151.18934,-33.72416],[151.18823,-33.72325],[151.1881,-33.72234],[151.18854,-33.72152],[151.18783,-33.72116],[151.18767,-33.72059],[151.18787,-33.71967],[151.1877,-33.71896],[151.18816,-33.7178],[151.18916,-33.71617],[151.18881,-33.71355],[151.18904,-33.71312],[151.18962,-33.71263],[151.19142,-33.70271],[151.19049,-33.70213],[151.18959,-33.69974],[151.18915,-33.69921],[151.18832,-33.69866],[151.18687,-33.69873],[151.18234,-33.69837],[151.18094,-33.69812],[151.17867,-33.6982],[151.17735,-33.69789],[151.17629,-33.69796],[151.17591,-33.69741],[151.17467,-33.69678],[151.17423,-33.69639],[151.17413,-33.69604],[151.17453,-33.69552],[151.17449,-33.695],[151.17388,-33.69414],[151.17276,-33.69304],[151.17288,-33.69262],[151.17369,-33.69198],[151.17372,-33.69174],[151.17109,-33.69073],[151.16936,-33.68878],[151.16752,-33.68789],[151.16685,-33.68655],[151.16573,-33.68583],[151.16585,-33.68534],[151.16838,-33.68312],[151.16987,-33.68127],[151.17038,-33.68017],[151.17021,-33.67885],[151.17143,-33.67808],[151.17176,-33.67755],[151.17164,-33.67709],[151.17094,-33.67666],[151.16909,-33.67625],[151.16859,-33.67599],[151.16854,-33.67478],[151.16833,-33.67419],[151.16816,-33.67391],[151.16701,-33.67308],[151.16743,-33.67249],[151.16864,-33.67213],[151.169,-33.67175],[151.16886,-33.67135],[151.16769,-33.67062],[151.1674,-33.67003],[151.16893,-33.66854],[151.16916,-33.66795],[151.16878,-33.66721],[151.16729,-33.6661],[151.1671,-33.66552],[151.16722,-33.66466],[151.16657,-33.66387]]]},"properties":{"lganame":"KU-RING-GAI","councilname":"KU-RING-GAI COUNCIL","abscode":4500}},{"type":"Feature","geometry":{"type":"Polygon","coordinates":[[[151.21456,-33.81584],[151.21409,-33.81575],[151.21363,-33.81633],[151.21235,-33.81672],[151.2113,-33.81728],[151.21075,-33.81723],[151.20998,-33.81811],[151.20854,-33.81874],[151.20843,-33.81927],[151.20632,-33.81898],[151.20588,-33.82044],[151.20259,-33.81998],[151.20212,-33.82225],[151.20083,-33.82208],[151.19476,-33.82211],[151.19498,-33.82333],[151.19599,-33.82331],[151.19709,-33.82372],[151.19827,-33.82509],[151.19702,-33.82587],[151.19555,-33.82631],[151.1959,-33.82718],[151.19593,-33.82795],[151.19485,-33.82764],[151.19417,-33.82764],[151.19343,-33.82809],[151.19273,-33.82797],[151.19279,-33.82844],[151.19258,-33.82921],[151.19139,-33.82966],[151.19109,-33.83033],[151.19045,-33.83065],[151.18989,-33.83067],[151.18918,-33.83117],[151.18905,-33.83213],[151.18923,-33.8327],[151.18912,-33.83372],[151.18951,-33.83415],[151.18847,-33.83513],[151.1883,-33.83572],[151.18891,-33.83704],[151.18875,-33.83804],[151.18853,-33.8385],[151.18757,-33.83938],[151.18735,-33.83982],[151.18791,-33.84042],[151.18954,-33.84097],[151.18962,-33.84073],[151.18933,-33.83932],[151.18948,-33.83838],[151.18999,-33.83783],[151.1909,-33.83766],[151.19129,-33.83789],[151.19157,-33.8388],[151.19218,-33.83894],[151.19241,-33.83863],[151.19233,-33.83751],[151.19249,-33.83718],[151.19256,-33.83744],[151.19309,-33.83784],[151.19326,-33.83769],[151.19435,-33.83851],[151.19433,-33.83886],[151.19393,-33.83927],[151.1946,-33.84185],[151.19356,-33.84332],[151.19323,-33.84478],[151.19336,-33.84594],[151.19291,-33.84737],[151.19296,-33.84769],[151.19365,-33.84787],[151.19631,-33.84735],[151.19825,-33.84716],[151.19823,-33.84689],[151.19702,-33.84588],[151.1956,-33.84575],[151.19518,-33.84528],[151.19507,-33.84532],[151.19514,-33.84523],[151.19494,-33.84529],[151.1948,-33.845],[151.195,-33.84495],[151.19484,-33.84442],[151.19489,-33.84423],[151.19528,-33.84398],[151.19619,-33.8438],[151.19727,-33.8438],[151.19777,-33.84359],[151.19817,-33.84291],[151.19801,-33.84254],[151.19809,-33.84139],[151.19841,-33.84119],[151.19905,-33.84117],[151.19979,-33.84198],[151.19996,-33.84224],[151.1999,-33.8425],[151.20033,-33.843],[151.20042,-33.84344],[151.19992,-33.84469],[151.20108,-33.84572],[151.20185,-33.84594],[151.20239,-33.84641],[151.20237,-33.84691],[151.20269,-33.84721],[151.20245,-33.84723],[151.20287,-33.84753],[151.20316,-33.84809],[151.20279,-33.84866],[151.20277,-33.84941],[151.20356,-33.85049],[151.20384,-33.85062],[151.20402,-33.85045],[151.20398,-33.84948],[151.20426,-33.84897],[151.20622,-33.84891],[151.20624,-33.84859],[151.20594,-33.848],[151.20624,-33.84715],[151.20627,-33.84578],[151.20692,-33.84507],[151.20685,-33.84442],[151.20712,-33.84432],[151.2071,-33.84413],[151.20811,-33.84416],[151.20868,-33.84439],[151.2093,-33.84508],[151.20945,-33.84704],[151.20932,-33.84733],[151.20973,-33.8485],[151.21205,-33.85063],[151.21243,-33.85088],[151.21277,-33.85088],[151.21291,-33.84983],[151.21349,-33.84961],[151.21425,-33.84986],[151.21431,-33.84971],[151.21428,-33.84985],[151.2152,-33.85019],[151.21573,-33.85062],[151.21618,-33.85136],[151.21656,-33.85162],[151.21694,-33.85159],[151.21752,-33.85184],[151.21811,-33.85249],[151.21876,-33.85267],[151.21911,-33.85204],[151.21978,-33.85146],[151.21979,-33.85093],[151.21959,-33.85033],[151.22036,-33.84918],[151.21981,-33.84865],[151.21992,-33.84808],[151.21966,-33.84769],[151.21804,-33.84693],[151.21699,-33.84608],[151.21602,-33.84581],[151.21523,-33.84505],[151.21542,-33.84499],[151.21524,-33.8449],[151.21569,-33.84442],[151.21665,-33.84506],[151.21851,-33.84515],[151.21863,-33.84504],[151.21824,-33.84408],[151.21769,-33.8436],[151.21786,-33.84355],[151.21777,-33.84335],[151.21667,-33.84215],[151.21547,-33.84156],[151.2152,-33.84108],[151.21623,-33.8404],[151.21733,-33.8413],[151.21809,-33.8416],[151.21868,-33.84208],[151.21888,-33.84208],[151.21915,-33.84171],[151.21962,-33.84147],[151.22075,-33.84222],[151.22146,-33.84245],[151.22222,-33.8433],[151.2231,-33.84614],[151.22479,-33.84659],[151.22504,-33.84623],[151.22519,-33.84624],[151.22506,-33.84615],[151.22525,-33.84545],[151.22481,-33.84463],[151.22493,-33.84463],[151.22487,-33.84449],[151.22474,-33.84449],[151.22476,-33.84419],[151.22443,-33.84344],[151.22438,-33.84137],[151.22428,-33.84143],[151.22462,-33.83948],[151.22485,-33.83927],[151.2251,-33.83987],[151.22576,-33.84032],[151.22569,-33.84126],[151.22655,-33.8425],[151.22673,-33.84394],[151.22733,-33.84472],[151.22841,-33.8456],[151.22877,-33.84623],[151.22984,-33.84676],[151.23028,-33.84729],[151.23112,-33.84769],[151.23167,-33.84822],[151.23283,-33.84871],[151.23302,-33.84862],[151.23261,-33.84798],[151.23187,-33.84763],[151.23117,-33.84698],[151.23119,-33.84596],[151.23079,-33.84501],[151.23042,-33.84457],[151.22991,-33.84285],[151.23055,-33.84223],[151.2303,-33.84194],[151.23026,-33.84066],[151.22954,-33.83958],[151.22904,-33.83785],[151.22837,-33.83761],[151.23032,-33.82814],[151.23091,-33.82778],[151.23291,-33.81833],[151.23113,-33.81682],[151.23055,-33.81731],[151.22997,-33.81746],[151.2294,-33.81727],[151.22894,-33.8174],[151.2285,-33.81861],[151.22767,-33.8195],[151.22673,-33.82013],[151.22615,-33.82074],[151.22592,-33.82121],[151.22599,-33.82226],[151.22474,-33.82225],[151.22401,-33.82141],[151.22501,-33.81965],[151.22584,-33.81897],[151.22597,-33.81857],[151.22293,-33.81864],[151.22248,-33.81896],[151.22248,-33.8187],[151.22232,-33.81875],[151.22223,-33.81911],[151.22151,-33.81939],[151.2209,-33.81901],[151.21959,-33.81901],[151.21924,-33.81865],[151.21919,-33.81822],[151.2195,-33.81785],[151.22002,-33.81771],[151.21946,-33.81739],[151.21907,-33.8169],[151.21786,-33.81681],[151.21739,-33.81717],[151.21612,-33.81659],[151.21549,-33.81583],[151.21456,-33.81584]]]},"properties":{"lganame":"NORTH SYDNEY","councilname":"NORTH SYDNEY COUNCIL","abscode":5950}},{"type":"Feature","geometry":{"type":"Polygon","coordinates":[[[151.10333,-33.72914],[151.1041,-33.72921],[151.10459,-33.72903],[151.10585,-33.72781],[151.10656,-33.72758],[151.10833,-33.71829],[151.11004,-33.71865],[151.11194,-33.71598],[151.1149,-33.71264],[151.11668,-33.70983],[151.11761,-33.70754],[151.1182,-33.70489],[151.1183,-33.70374],[151.11805,-33.70111],[151.11868,-33.69893],[151.12112,-33.69496],[151.1215,-33.69229],[151.1223,-33.69154],[151.12287,-33.6901],[151.12344,-33.68926],[151.12444,-33.68852],[151.12497,-33.68843],[151.12566,-33.68928],[151.12729,-33.68902],[151.12762,-33.68914],[151.12824,-33.68973],[151.12877,-33.6897],[151.12905,-33.68954],[151.12934,-33.68865],[151.13001,-33.6878],[151.1314,-33.68767],[151.1333,-33.68601],[151.13447,-33.68549],[151.13505,-33.68468],[151.13781,-33.68437],[151.13801,-33.68285],[151.13682,-33.68276],[151.13646,-33.68237],[151.13638,-33.68197],[151.13806,-33.67933],[151.13822,-33.67886],[151.138,-33.67829],[151.13811,-33.6778],[151.13882,-33.67757],[151.14079,-33.67785],[151.14144,-33.67784],[151.14203,-33.67764],[151.14322,-33.67642],[151.14365,-33.6756],[151.14436,-33.67513],[151.14493,-33.67488],[151.14657,-33.67467],[151.14725,-33.67428],[151.14804,-33.67325],[151.14805,-33.67291],[151.14767,-33.67231],[151.14765,-33.67196],[151.14887,-33.66963],[151.1495,-33.66937],[151.15126,-33.66931],[151.15192,-33.66915],[151.1523,-33.6688],[151.15256,-33.66793],[151.15295,-33.6675],[151.15358,-33.66729],[151.15503,-33.66723],[151.15544,-33.66698],[151.15544,-33.66657],[151.15474,-33.66591],[151.15438,-33.66519],[151.15436,-33.6645],[151.15471,-33.66373],[151.15522,-33.66348],[151.15657,-33.66391],[151.15741,-33.66373],[151.15899,-33.66236],[151.1598,-33.6604],[151.16041,-33.66011],[151.16213,-33.65988],[151.16349,-33.65854],[151.16425,-33.6582],[151.16405,-33.6573],[151.1642,-33.65639],[151.16404,-33.65585],[151.1636,-33.65536],[151.16221,-33.65467],[151.16093,-33.65251],[151.16058,-33.65128],[151.16127,-33.65031],[151.16243,-33.64968],[151.16328,-33.64967],[151.16474,-33.65024],[151.16538,-33.64965],[151.16608,-33.65019],[151.16691,-33.65167],[151.16703,-33.65135],[151.16631,-33.6497],[151.16552,-33.64921],[151.16463,-33.64817],[151.16529,-33.64709],[151.1655,-33.64617],[151.16446,-33.6446],[151.16435,-33.64368],[151.16526,-33.64218],[151.16529,-33.64124],[151.16495,-33.6393],[151.16555,-33.63843],[151.16655,-33.6378],[151.16687,-33.63781],[151.16757,-33.63866],[151.16882,-33.63938],[151.17046,-33.63934],[151.17175,-33.63989],[151.17118,-33.63908],[151.16943,-33.63828],[151.16906,-33.6377],[151.16901,-33.63718],[151.16971,-33.6359],[151.1697,-33.63475],[151.17011,-33.63387],[151.17222,-33.63246],[151.17303,-33.63223],[151.17265,-33.62994],[151.17309,-33.62641],[151.17443,-33.62643],[151.17508,-33.62688],[151.17635,-33.62714],[151.17716,-33.62679],[151.17847,-33.6269],[151.17963,-33.62593],[151.18198,-33.62799],[151.18528,-33.62259],[151.18601,-33.62207],[151.18682,-33.62175],[151.18807,-33.62166],[151.18959,-33.62204],[151.19081,-33.62201],[151.19117,-33.62228],[151.19664,-33.62146],[151.19797,-33.6201],[151.19861,-33.61979],[151.199,-33.61984],[151.19967,-33.62053],[151.20022,-33.62043],[151.20032,-33.62026],[151.20013,-33.61991],[151.20014,-33.61945],[151.20061,-33.61844],[151.20193,-33.61769],[151.20338,-33.61737],[151.20391,-33.61683],[151.20436,-33.61586],[151.20466,-33.61557],[151.20626,-33.61532],[151.20737,-33.61546],[151.21312,-33.61315],[151.21358,-33.61243],[151.2155,-33.61264],[151.21582,-33.61226],[151.2162,-33.61105],[151.21665,-33.6105],[151.21807,-33.60935],[151.21877,-33.609],[151.2197,-33.60912],[151.22066,-33.60973],[151.22127,-33.61042],[151.22163,-33.61136],[151.22239,-33.61223],[151.22265,-33.613],[151.2224,-33.61454],[151.223,-33.61546],[151.22359,-33.61704],[151.22374,-33.61713],[151.22438,-33.6167],[151.22672,-33.61723],[151.22783,-33.6181],[151.22875,-33.6181],[151.22765,-33.61751],[151.22665,-33.61625],[151.22587,-33.61578],[151.22489,-33.61416],[151.22503,-33.61313],[151.22483,-33.61163],[151.22406,-33.60988],[151.22382,-33.60892],[151.2241,-33.60834],[151.2248,-33.60819],[151.22642,-33.60842],[151.22651,-33.60832],[151.22572,-33.60691],[151.22508,-33.60658],[151.22292,-33.60715],[151.22214,-33.60684],[151.22065,-33.60528],[151.21989,-33.60339],[151.219,-33.6021],[151.21834,-33.6015],[151.2183,-33.60071],[151.21853,-33.60039],[151.21958,-33.5995],[151.22013,-33.59933],[151.22051,-33.59972],[151.22041,-33.60004],[151.22051,-33.60043],[151.22127,-33.60068],[151.2217,-33.60102],[151.22203,-33.60149],[151.22242,-33.60291],[151.2234,-33.60386],[151.22364,-33.60216],[151.22411,-33.60152],[151.22425,-33.60069],[151.22444,-33.6004],[151.22499,-33.59982],[151.22596,-33.59935],[151.22624,-33.59895],[151.22747,-33.59863],[151.22818,-33.59895],[151.22864,-33.5997],[151.22858,-33.60007],[151.2281,-33.60077],[151.2283,-33.60126],[151.2287,-33.60153],[151.23022,-33.60199],[151.23153,-33.60351],[151.23188,-33.6036],[151.23266,-33.60345],[151.23347,-33.60256],[151.23424,-33.60212],[151.23604,-33.60258],[151.23684,-33.60245],[151.23813,-33.60121],[151.23916,-33.59981],[151.23935,-33.59979],[151.24005,-33.6003],[151.24081,-33.60052],[151.24156,-33.60035],[151.24247,-33.59976],[151.24276,-33.59916],[151.24267,-33.59869],[151.24351,-33.59808],[151.24338,-33.59693],[151.24278,-33.59532],[151.24293,-33.59477],[151.24359,-33.59451],[151.24409,-33.59493],[151.24547,-33.59532],[151.24608,-33.59578],[151.24629,-33.5962],[151.24643,-33.59722],[151.24672,-33.59801],[151.24612,-33.59912],[151.24615,-33.60046],[151.24636,-33.602],[151.24679,-33.60266],[151.24725,-33.60277],[151.24802,-33.60235],[151.24867,-33.60232],[151.2497,-33.60267],[151.25162,-33.60291],[151.25443,-33.60363],[151.25573,-33.60432],[151.25633,-33.60494],[151.2564,-33.60476],[151.25612,-33.60418],[151.25519,-33.60313],[151.25459,-33.60285],[151.25241,-33.60088],[151.2522,-33.60045],[151.25217,-33.59986],[151.25148,-33.5986],[151.25165,-33.59798],[151.25218,-33.59763],[151.25406,-33.59734],[151.25523,-33.59663],[151.25627,-33.5966],[151.25773,-33.59696],[151.25888,-33.59762],[151.25967,-33.59787],[151.26037,-33.59897],[151.26073,-33.59913],[151.26141,-33.59872],[151.26167,-33.598],[151.26269,-33.59759],[151.26248,-33.59737],[151.26139,-33.59696],[151.25843,-33.595],[151.25826,-33.59429],[151.25863,-33.59349],[151.25837,-33.59298],[151.25733,-33.59296],[151.25633,-33.5932],[151.25437,-33.59325],[151.25193,-33.59355],[151.25102,-33.59348],[151.24997,-33.59231],[151.24938,-33.59051],[151.2495,-33.58932],[151.25,-33.58815],[151.25095,-33.58762],[151.25376,-33.58883],[151.2578,-33.58955],[151.26084,-33.58978],[151.26265,-33.58927],[151.26467,-33.58807],[151.26541,-33.58741],[151.26592,-33.58721],[151.26716,-33.58627],[151.26829,-33.58595],[151.26902,-33.58607],[151.26993,-33.58663],[151.27045,-33.58754],[151.27201,-33.58819],[151.27254,-33.58823],[151.27269,-33.58795],[151.27235,-33.58742],[151.27221,-33.5868],[151.2725,-33.58497],[151.27216,-33.58365],[151.27256,-33.58261],[151.27311,-33.58221],[151.27412,-33.582],[151.27514,-33.58271],[151.27647,-33.58272],[151.27694,-33.58237],[151.27743,-33.58161],[151.27785,-33.58127],[151.27943,-33.58069],[151.27981,-33.58023],[151.28106,-33.57989],[151.28259,-33.57813],[151.28282,-33.57765],[151.28242,-33.57568],[151.28251,-33.57479],[151.28282,-33.57382],[151.2834,-33.5731],[151.28478,-33.57219],[151.27957,-33.57187],[151.27758,-33.57355],[151.27523,-33.5761],[151.27357,-33.5773],[151.26988,-33.5789],[151.26699,-33.57957],[151.26401,-33.57977],[151.26142,-33.57954],[151.25641,-33.57846],[151.25115,-33.577],[151.24937,-33.57566],[151.24753,-33.57319],[151.24411,-33.56987],[151.24244,-33.56802],[151.24058,-33.564],[151.23986,-33.56146],[151.23984,-33.55995],[151.24003,-33.55847],[151.24036,-33.55699],[151.24109,-33.55509],[151.24225,-33.55287],[151.24344,-33.55102],[151.24748,-33.5453],[151.24856,-33.54307],[151.24876,-33.54145],[151.24848,-33.54009],[151.24789,-33.53883],[151.24682,-33.53754],[151.24606,-33.5369],[151.2449,-33.53623],[151.24238,-33.5354],[151.23944,-33.53514],[151.2362,-33.53517],[151.2305,-33.53545],[151.22726,-33.53585],[151.22513,-33.5363],[151.22261,-33.53718],[151.21566,-33.53906],[151.20795,-33.54087],[151.20474,-33.54055],[151.20244,-33.54006],[151.19834,-33.53952],[151.19549,-33.53878],[151.19459,-33.53826],[151.19318,-33.53656],[151.19263,-33.5356],[151.19079,-33.53154],[151.18927,-33.52722],[151.18775,-33.52099],[151.18735,-33.51874],[151.1864,-33.5103],[151.18586,-33.50831],[151.1854,-33.50744],[151.18389,-33.50559],[151.18203,-33.5043],[151.18088,-33.50405],[151.17896,-33.50465],[151.17654,-33.50632],[151.1752,-33.50779],[151.17425,-33.50963],[151.16999,-33.51961],[151.16894,-33.52111],[151.16785,-33.52171],[151.16391,-33.52295],[151.1625,-33.52312],[151.16179,-33.52299],[151.1613,-33.52272],[151.16027,-33.52143],[151.15994,-33.52073],[151.15882,-33.51738],[151.15869,-33.51651],[151.15854,-33.51347],[151.15799,-33.51026],[151.15803,-33.50585],[151.15826,-33.50261],[151.15775,-33.49656],[151.15689,-33.49502],[151.15542,-33.49379],[151.15314,-33.4921],[151.1513,-33.49123],[151.15049,-33.49058],[151.14975,-33.48888],[151.14953,-33.48753],[151.14955,-33.48687],[151.15013,-33.48454],[151.15107,-33.48232],[151.15515,-33.47652],[151.15729,-33.47434],[151.15777,-33.4736],[151.16111,-33.4698],[151.16222,-33.46771],[151.16273,-33.4655],[151.16262,-33.4643],[151.16161,-33.46275],[151.15978,-33.46143],[151.15873,-33.46115],[151.15608,-33.46111],[151.15464,-33.46146],[151.15261,-33.46236],[151.15152,-33.46331],[151.15073,-33.46428],[151.14836,-33.46878],[151.14672,-33.47117],[151.14539,-33.47215],[151.14422,-33.47261],[151.14156,-33.473],[151.13989,-33.47291],[151.13885,-33.47259],[151.13656,-33.47119],[151.13503,-33.47061],[151.13301,-33.46951],[151.12841,-33.46643],[151.12457,-33.46436],[151.12285,-33.46382],[151.12176,-33.46374],[151.11945,-33.4643],[151.11745,-33.46506],[151.11493,-33.46677],[151.11029,-33.47172],[151.10789,-33.47482],[151.10708,-33.47626],[151.10659,-33.47757],[151.1063,-33.47891],[151.10577,-33.48009],[151.10505,-33.48119],[151.10421,-33.48198],[151.10325,-33.48246],[151.1024,-33.48266],[151.10077,-33.48269],[151.099,-33.48247],[151.09757,-33.48215],[151.09515,-33.48132],[151.09247,-33.48001],[151.09035,-33.47796],[151.08849,-33.47529],[151.08761,-33.47371],[151.08614,-33.46943],[151.08359,-33.45745],[151.08347,-33.45628],[151.08295,-33.45462],[151.08193,-33.44989],[151.08153,-33.44886],[151.08051,-33.44754],[151.07974,-33.447],[151.07887,-33.44666],[151.07716,-33.44661],[151.07556,-33.44732],[151.07476,-33.44851],[151.07453,-33.44934],[151.07454,-33.45003],[151.07492,-33.45199],[151.07546,-33.45397],[151.07621,-33.45561],[151.07668,-33.45759],[151.07645,-33.45897],[151.07594,-33.46009],[151.07431,-33.46099],[151.07311,-33.46143],[151.0722,-33.46154],[151.07078,-33.46133],[151.06783,-33.45977],[151.06584,-33.45755],[151.06438,-33.45523],[151.0639,-33.45414],[151.06363,-33.45296],[151.06355,-33.45072],[151.06423,-33.44765],[151.06435,-33.44592],[151.06422,-33.44481],[151.0638,-33.44333],[151.06322,-33.44249],[151.06218,-33.44201],[151.0591,-33.44161],[151.05742,-33.44165],[151.05404,-33.44143],[151.05257,-33.44112],[151.05166,-33.44073],[151.04973,-33.43931],[151.04868,-33.43809],[151.04724,-33.43498],[151.04647,-33.43191],[151.04588,-33.43107],[151.04411,-33.42968],[151.04303,-33.42927],[151.04044,-33.42909],[151.03783,-33.42935],[151.03583,-33.42926],[151.03313,-33.42814],[151.0323,-33.4275],[151.03118,-33.42501],[151.03092,-33.42186],[151.03266,-33.41619],[151.0331,-33.41388],[151.03338,-33.41326],[151.03379,-33.41019],[151.03367,-33.40878],[151.03319,-33.4074],[151.03279,-33.40639],[151.03204,-33.40541],[151.02954,-33.40357],[151.02633,-33.40195],[151.02471,-33.4013],[151.02076,-33.40048],[151.01759,-33.39999],[151.01667,-33.39998],[151.01223,-33.40061],[151.00882,-33.40069],[151.00552,-33.40143],[151.00116,-33.4016],[150.99812,-33.40097],[150.99482,-33.39938],[150.99397,-33.39868],[150.99321,-33.39753],[150.99318,-33.39504],[150.99288,-33.39374],[150.99259,-33.39044],[150.99296,-33.38801],[150.99246,-33.38428],[150.99084,-33.38128],[150.98895,-33.37924],[150.98768,-33.38007],[150.98892,-33.38208],[150.98882,-33.38234],[150.98616,-33.38505],[150.98553,-33.38552],[150.98516,-33.38622],[150.98558,-33.38637],[150.98469,-33.38701],[150.98403,-33.38787],[150.98477,-33.38761],[150.98525,-33.38762],[150.98538,-33.38793],[150.98531,-33.38962],[150.98643,-33.39099],[150.98629,-33.39134],[150.98542,-33.39196],[150.98548,-33.39227],[150.98616,-33.39269],[150.98636,-33.39346],[150.98604,-33.39402],[150.98513,-33.39474],[150.98492,-33.39544],[150.98563,-33.39676],[150.98657,-33.39779],[150.98653,-33.39843],[150.98545,-33.39909],[150.98508,-33.39982],[150.98563,-33.40116],[150.98557,-33.40199],[150.98461,-33.40329],[150.9833,-33.40444],[150.98308,-33.40593],[150.98265,-33.40643],[150.98077,-33.40831],[150.97908,-33.40942],[150.97892,-33.41033],[150.97993,-33.41163],[150.97968,-33.41258],[150.97759,-33.41375],[150.97564,-33.4154],[150.97292,-33.41713],[150.97195,-33.41961],[150.972,-33.42167],[150.97246,-33.42242],[150.97405,-33.42366],[150.97463,-33.4238],[150.97633,-33.42363],[150.97982,-33.4248],[150.98451,-33.42565],[150.98796,-33.42657],[150.9889,-33.42767],[150.98982,-33.42805],[150.9904,-33.42897],[150.99087,-33.43033],[150.99218,-33.43313],[150.99156,-33.43627],[150.99147,-33.43753],[150.99205,-33.44259],[150.9925,-33.44395],[150.99278,-33.44589],[150.99329,-33.44641],[150.99459,-33.44707],[150.99536,-33.44773],[150.99682,-33.4493],[150.99825,-33.4505],[150.99885,-33.45178],[150.9997,-33.45267],[151.00158,-33.45399],[151.0021,-33.45722],[151.00385,-33.46234],[151.00548,-33.46473],[151.00501,-33.46542],[151.00506,-33.46615],[151.00648,-33.4683],[151.00804,-33.46961],[151.00893,-33.47058],[151.00889,-33.47082],[151.00992,-33.47144],[151.01039,-33.47212],[151.0107,-33.47321],[151.00992,-33.47553],[151.01007,-33.47645],[151.01082,-33.4777],[151.01113,-33.47885],[151.01022,-33.48078],[151.00986,-33.48206],[151.00991,-33.48273],[151.01038,-33.48378],[151.01441,-33.48814],[151.01605,-33.49064],[151.0167,-33.49101],[151.01946,-33.49109],[151.02016,-33.49132],[151.02144,-33.49226],[151.02167,-33.49286],[151.02157,-33.49398],[151.02136,-33.49437],[151.02147,-33.49561],[151.02317,-33.49961],[151.02267,-33.50508],[151.02276,-33.50602],[151.02431,-33.50844],[151.02616,-33.5109],[151.02713,-33.51403],[151.02866,-33.51603],[151.02897,-33.51705],[151.02881,-33.51779],[151.02802,-33.51933],[151.02648,-33.52057],[151.02366,-33.52415],[151.02276,-33.52464],[151.01897,-33.52607],[151.01558,-33.52892],[151.01216,-33.53084],[151.0117,-33.53115],[151.01121,-33.53179],[151.01112,-33.53284],[151.01163,-33.5345],[151.0134,-33.53741],[151.01358,-33.53835],[151.01331,-33.53947],[151.01205,-33.54185],[151.01045,-33.54334],[151.01016,-33.54381],[151.0101,-33.54458],[151.0103,-33.54508],[151.01295,-33.54817],[151.01298,-33.54905],[151.01275,-33.54974],[151.01207,-33.55062],[151.00904,-33.55395],[151.00853,-33.55548],[151.00887,-33.55637],[151.01076,-33.55912],[151.01155,-33.5616],[151.01171,-33.5626],[151.01119,-33.56364],[151.00824,-33.5679],[151.00802,-33.56892],[151.00824,-33.56973],[151.00847,-33.57014],[151.00937,-33.57079],[151.01296,-33.57112],[151.01357,-33.57135],[151.01408,-33.57168],[151.0144,-33.57212],[151.01454,-33.57268],[151.01445,-33.57322],[151.01327,-33.5754],[151.01363,-33.57774],[151.01356,-33.57833],[151.01326,-33.57901],[151.01245,-33.57984],[151.01169,-33.58095],[151.01135,-33.58222],[151.01149,-33.58282],[151.01288,-33.58445],[151.013,-33.58525],[151.0129,-33.58593],[151.01204,-33.5872],[151.00703,-33.59312],[151.0064,-33.59705],[151.00648,-33.59852],[151.00676,-33.59987],[151.00727,-33.60092],[151.00778,-33.60139],[151.01474,-33.60591],[151.01913,-33.60986],[151.01971,-33.61132],[151.01913,-33.61378],[151.01933,-33.61456],[151.0238,-33.62131],[151.0239,-33.62205],[151.02334,-33.62476],[151.02219,-33.62684],[151.02193,-33.62788],[151.02199,-33.62868],[151.02279,-33.63148],[151.02292,-33.63248],[151.02211,-33.63758],[151.02244,-33.64143],[151.0224,-33.64331],[151.0215,-33.64634],[151.02106,-33.64957],[151.01982,-33.65136],[151.01986,-33.65206],[151.02067,-33.65487],[151.02343,-33.6601],[151.02497,-33.66191],[151.02624,-33.66385],[151.02622,-33.66436],[151.0255,-33.66658],[151.02574,-33.66915],[151.02531,-33.67129],[151.02532,-33.6722],[151.0267,-33.67725],[151.02718,-33.67811],[151.02827,-33.67947],[151.02843,-33.67992],[151.02848,-33.68187],[151.02753,-33.68489],[151.02759,-33.68725],[151.02814,-33.68801],[151.02965,-33.68887],[151.03097,-33.69012],[151.03208,-33.69157],[151.03239,-33.69232],[151.03207,-33.69356],[151.03121,-33.69515],[151.03061,-33.69569],[151.02978,-33.69599],[151.02379,-33.69583],[151.02175,-33.69444],[151.02024,-33.69375],[151.01973,-33.6937],[151.01904,-33.69395],[151.01791,-33.6951],[151.01634,-33.69745],[151.01568,-33.69937],[151.01444,-33.70412],[151.0137,-33.7048],[151.01186,-33.70567],[151.01124,-33.70654],[151.01111,-33.70721],[151.01118,-33.70942],[151.01137,-33.71088],[151.01171,-33.71166],[151.0127,-33.71251],[151.01442,-33.7131],[151.01511,-33.71349],[151.0164,-33.7149],[151.01857,-33.71615],[151.01913,-33.71718],[151.01821,-33.72107],[151.01851,-33.72254],[151.01861,-33.72424],[151.01832,-33.72711],[151.01718,-33.73009],[151.01673,-33.73079],[151.02038,-33.73144],[151.02354,-33.73227],[151.02504,-33.73216],[151.02683,-33.7327],[151.02835,-33.73385],[151.0304,-33.73577],[151.03145,-33.73702],[151.0329,-33.73815],[151.03441,-33.73811],[151.03539,-33.7384],[151.03694,-33.73966],[151.04043,-33.74042],[151.04292,-33.74195],[151.04604,-33.7429],[151.04695,-33.74336],[151.04776,-33.74413],[151.0483,-33.74495],[151.04905,-33.74698],[151.04993,-33.74813],[151.04938,-33.74905],[151.04905,-33.75115],[151.04795,-33.75279],[151.04769,-33.75395],[151.04791,-33.75485],[151.04922,-33.7581],[151.04962,-33.75867],[151.05808,-33.75716],[151.0612,-33.75713],[151.0636,-33.75769],[151.06454,-33.75811],[151.06913,-33.76117],[151.07154,-33.76199],[151.07694,-33.76263],[151.08252,-33.76406],[151.08598,-33.76426],[151.08596,-33.76452],[151.09079,-33.76453],[151.09078,-33.76421],[151.09273,-33.76424],[151.09423,-33.76447],[151.09701,-33.76532],[151.09831,-33.76545],[151.09852,-33.76442],[151.09955,-33.76388],[151.10103,-33.76261],[151.10151,-33.76238],[151.10185,-33.76235],[151.10245,-33.76298],[151.10362,-33.76303],[151.10446,-33.76268],[151.10484,-33.76165],[151.10537,-33.76118],[151.10542,-33.75967],[151.10506,-33.75882],[151.10535,-33.75754],[151.10355,-33.75629],[151.10195,-33.75421],[151.1016,-33.75423],[151.10091,-33.75496],[151.10058,-33.75484],[151.10009,-33.75357],[151.10025,-33.75204],[151.0991,-33.75091],[151.09896,-33.7496],[151.09819,-33.7483],[151.097,-33.7482],[151.09558,-33.74833],[151.09314,-33.74758],[151.09299,-33.74721],[151.09326,-33.74654],[151.09315,-33.74617],[151.09148,-33.74478],[151.09108,-33.74426],[151.0908,-33.74211],[151.09209,-33.74087],[151.09179,-33.7399],[151.09131,-33.73908],[151.09015,-33.73823],[151.08978,-33.73619],[151.0905,-33.73423],[151.0914,-33.73353],[151.09227,-33.73378],[151.09241,-33.7337],[151.09272,-33.73252],[151.09237,-33.73194],[151.09265,-33.73116],[151.09231,-33.73051],[151.0937,-33.72948],[151.10056,-33.73046],[151.10255,-33.72967],[151.10306,-33.72919],[151.10333,-33.72914]]]},"properties":{"lganame":"HORNSBY","councilname":"THE COUNCIL OF THE SHIRE OF HORNSBY","abscode":4000}},{"type":"Feature","geometry":{"type":"Polygon","coordinates":[[[151.20872,-33.85365],[151.20836,-33.85369],[151.20806,-33.85481],[151.20572,-33.85658],[151.20504,-33.85684],[151.20397,-33.85688],[151.20269,-33.8563],[151.20266,-33.85526],[151.20019,-33.8554],[151.20035,-33.8568],[151.20027,-33.85712],[151.20003,-33.85716],[151.20066,-33.86278],[151.20114,-33.86282],[151.20124,-33.8636],[151.20092,-33.86375],[151.20151,-33.86908],[151.20162,-33.86907],[151.20128,-33.86968],[151.20141,-33.86991],[151.20245,-33.87023],[151.2017,-33.87275],[151.20179,-33.87316],[151.20218,-33.87291],[151.20189,-33.87384],[151.20121,-33.87399],[151.20024,-33.87363],[151.19987,-33.87342],[151.19923,-33.87239],[151.19912,-33.87187],[151.19922,-33.87026],[151.19883,-33.86955],[151.19813,-33.86899],[151.19819,-33.86858],[151.19793,-33.86851],[151.19877,-33.86569],[151.19819,-33.86554],[151.19704,-33.8683],[151.19662,-33.86828],[151.19608,-33.86758],[151.19752,-33.86386],[151.19664,-33.86346],[151.1947,-33.86532],[151.19444,-33.86542],[151.19418,-33.86525],[151.19432,-33.86488],[151.19613,-33.86261],[151.1952,-33.86251],[151.19361,-33.8644],[151.19336,-33.86361],[151.19396,-33.86276],[151.19387,-33.86267],[151.1922,-33.86335],[151.19181,-33.86371],[151.19099,-33.86397],[151.1916,-33.86542],[151.19092,-33.86562],[151.18999,-33.86544],[151.18916,-33.86598],[151.18874,-33.86646],[151.18871,-33.86681],[151.1884,-33.86718],[151.18707,-33.86838],[151.18725,-33.86853],[151.18663,-33.86835],[151.18664,-33.86865],[151.1873,-33.86882],[151.18743,-33.86933],[151.18724,-33.86977],[151.18806,-33.86999],[151.18871,-33.87058],[151.18984,-33.87107],[151.19086,-33.87173],[151.19122,-33.87209],[151.19104,-33.87219],[151.1917,-33.87279],[151.19233,-33.87389],[151.19213,-33.87404],[151.19186,-33.87376],[151.19063,-33.87474],[151.19014,-33.87419],[151.19,-33.87429],[151.19056,-33.87478],[151.19009,-33.8751],[151.18959,-33.87458],[151.18928,-33.87477],[151.18964,-33.87517],[151.1896,-33.87544],[151.18933,-33.87561],[151.1895,-33.87579],[151.18936,-33.87588],[151.18858,-33.87497],[151.18832,-33.87408],[151.18798,-33.87375],[151.18828,-33.87341],[151.18804,-33.87351],[151.1861,-33.87301],[151.18547,-33.87231],[151.1848,-33.87095],[151.18442,-33.87096],[151.1833,-33.87195],[151.18335,-33.87211],[151.18323,-33.87198],[151.18298,-33.87211],[151.18307,-33.87225],[151.18276,-33.87221],[151.18271,-33.87246],[151.1817,-33.87158],[151.18047,-33.87121],[151.17728,-33.87273],[151.17603,-33.87232],[151.17551,-33.87234],[151.1748,-33.87273],[151.17498,-33.87294],[151.17499,-33.87561],[151.17553,-33.87624],[151.17635,-33.87675],[151.17683,-33.87815],[151.17624,-33.87885],[151.17591,-33.87972],[151.17587,-33.88044],[151.17615,-33.88246],[151.17531,-33.88303],[151.17549,-33.88322],[151.1766,-33.88694],[151.17841,-33.8912],[151.17918,-33.891],[151.18117,-33.89573],[151.17955,-33.89675],[151.17791,-33.89875],[151.17782,-33.89904],[151.17816,-33.90029],[151.18152,-33.9069],[151.18118,-33.90881],[151.18124,-33.91334],[151.18135,-33.91346],[151.18126,-33.91591],[151.17891,-33.91622],[151.1767,-33.91784],[151.1783,-33.91956],[151.17962,-33.92031],[151.18069,-33.91927],[151.21041,-33.92344],[151.21425,-33.92439],[151.21181,-33.9224],[151.21134,-33.92157],[151.21111,-33.9205],[151.21177,-33.91675],[151.21281,-33.91249],[151.21301,-33.91014],[151.21429,-33.90384],[151.22208,-33.90491],[151.22218,-33.90449],[151.22316,-33.90463],[151.22341,-33.9038],[151.22244,-33.9016],[151.22465,-33.90104],[151.22704,-33.89876],[151.22726,-33.89836],[151.22725,-33.89794],[151.22704,-33.8976],[151.22662,-33.89736],[151.22702,-33.89695],[151.2277,-33.89714],[151.22828,-33.8971],[151.22895,-33.89687],[151.2295,-33.89648],[151.23099,-33.89437],[151.23286,-33.89123],[151.23311,-33.88949],[151.23062,-33.88732],[151.2281,-33.88547],[151.22745,-33.88518],[151.2248,-33.88478],[151.22153,-33.88366],[151.2208,-33.88328],[151.21977,-33.88199],[151.21921,-33.88168],[151.22011,-33.88127],[151.22137,-33.88137],[151.22287,-33.88044],[151.22354,-33.87956],[151.2248,-33.87903],[151.22669,-33.87882],[151.22776,-33.87912],[151.2283,-33.87857],[151.22979,-33.87642],[151.22927,-33.87631],[151.2296,-33.87597],[151.23061,-33.87406],[151.23003,-33.87298],[151.23121,-33.87242],[151.23178,-33.87131],[151.23096,-33.87073],[151.23031,-33.86994],[151.22982,-33.86994],[151.22946,-33.87016],[151.2289,-33.87001],[151.22778,-33.86925],[151.22745,-33.86851],[151.22778,-33.86764],[151.22846,-33.86731],[151.2288,-33.86677],[151.22832,-33.86436],[151.22872,-33.86327],[151.22905,-33.8611],[151.23032,-33.85957],[151.23085,-33.8592],[151.22999,-33.85821],[151.22944,-33.85806],[151.22885,-33.85811],[151.22773,-33.85913],[151.22785,-33.86005],[151.22721,-33.86107],[151.22731,-33.86111],[151.22709,-33.8616],[151.22745,-33.86211],[151.22726,-33.86223],[151.22761,-33.86317],[151.22629,-33.86338],[151.22577,-33.86201],[151.22547,-33.86199],[151.22276,-33.86771],[151.22264,-33.86768],[151.22153,-33.86905],[151.22128,-33.86904],[151.22127,-33.86923],[151.22054,-33.8692],[151.21968,-33.86884],[151.2193,-33.86824],[151.21994,-33.86652],[151.21995,-33.86588],[151.22043,-33.86551],[151.22035,-33.86542],[151.22104,-33.86456],[151.22125,-33.86405],[151.22239,-33.86316],[151.22227,-33.86307],[151.22291,-33.86238],[151.22271,-33.85992],[151.2228,-33.85969],[151.22261,-33.85934],[151.22223,-33.85914],[151.22192,-33.8592],[151.22194,-33.85905],[151.22163,-33.85934],[151.22051,-33.86192],[151.21955,-33.86308],[151.21879,-33.86334],[151.21793,-33.86325],[151.21704,-33.86251],[151.21691,-33.86195],[151.21724,-33.86052],[151.21708,-33.85974],[151.2167,-33.85919],[151.21565,-33.85832],[151.21581,-33.85788],[151.21561,-33.85825],[151.21551,-33.85785],[151.21595,-33.85658],[151.21559,-33.85616],[151.21464,-33.85616],[151.21425,-33.85743],[151.21413,-33.85739],[151.21388,-33.85809],[151.21296,-33.85883],[151.21269,-33.85928],[151.21252,-33.86102],[151.21211,-33.86126],[151.20968,-33.86102],[151.20958,-33.86073],[151.20974,-33.85973],[151.20991,-33.85938],[151.21008,-33.85937],[151.21045,-33.85743],[151.21027,-33.8574],[151.21036,-33.85702],[151.20963,-33.85698],[151.20922,-33.85647],[151.20918,-33.85609],[151.20934,-33.85591],[151.21014,-33.85598],[151.21054,-33.85574],[151.21063,-33.85552],[151.21025,-33.85474],[151.21016,-33.85484],[151.20984,-33.85429],[151.20872,-33.85365]]]},"properties":{"lganame":"SYDNEY","councilname":"COUNCIL OF THE CITY OF SYDNEY","abscode":7200}},{"type":"Feature","geometry":{"type":"Polygon","coordinates":[[[151.18548,-33.84599],[151.18502,-33.84618],[151.18484,-33.84658],[151.18425,-33.8469],[151.18434,-33.84704],[151.18374,-33.84729],[151.18199,-33.8478],[151.18078,-33.84776],[151.17855,-33.85026],[151.17788,-33.85149],[151.17755,-33.85175],[151.17547,-33.85256],[151.17497,-33.8531],[151.17448,-33.85314],[151.17363,-33.85358],[151.17353,-33.85377],[151.17325,-33.85381],[151.17241,-33.85355],[151.17146,-33.8528],[151.17132,-33.85298],[151.17165,-33.85361],[151.17151,-33.85392],[151.17138,-33.85385],[151.17137,-33.85451],[151.1711,-33.85486],[151.17077,-33.85498],[151.16951,-33.85465],[151.16873,-33.85496],[151.16874,-33.85591],[151.16913,-33.85655],[151.16925,-33.85652],[151.16948,-33.85717],[151.16936,-33.85716],[151.16913,-33.85809],[151.1674,-33.85839],[151.16613,-33.85892],[151.16391,-33.86023],[151.16354,-33.86026],[151.16294,-33.86102],[151.16271,-33.86199],[151.16221,-33.86242],[151.16085,-33.86259],[151.15972,-33.86216],[151.15957,-33.86229],[151.15959,-33.86267],[151.15887,-33.86307],[151.15954,-33.86348],[151.1586,-33.86451],[151.15763,-33.86504],[151.15751,-33.86538],[151.15732,-33.8649],[151.15573,-33.8658],[151.15322,-33.86624],[151.15238,-33.86712],[151.15182,-33.86821],[151.15181,-33.87062],[151.15155,-33.87144],[151.15105,-33.87222],[151.15012,-33.872],[151.14989,-33.87172],[151.1495,-33.87165],[151.14863,-33.87051],[151.14821,-33.87021],[151.14586,-33.8697],[151.14496,-33.86969],[151.14208,-33.87043],[151.13835,-33.8721],[151.13749,-33.87286],[151.13689,-33.87314],[151.13339,-33.87293],[151.13191,-33.87324],[151.13048,-33.87318],[151.12812,-33.87384],[151.12758,-33.87419],[151.12622,-33.87312],[151.12376,-33.87162],[151.11943,-33.87096],[151.11821,-33.8767],[151.12068,-33.877],[151.11825,-33.87995],[151.11851,-33.88007],[151.11844,-33.88018],[151.11819,-33.88019],[151.11788,-33.88066],[151.11772,-33.88058],[151.11267,-33.88667],[151.11328,-33.88693],[151.11233,-33.89559],[151.11461,-33.8958],[151.11978,-33.89553],[151.12402,-33.89564],[151.12407,-33.89576],[151.1251,-33.89568],[151.12488,-33.89968],[151.12224,-33.90634],[151.12596,-33.90755],[151.12851,-33.90478],[151.13319,-33.90513],[151.13441,-33.90579],[151.13499,-33.91309],[151.13599,-33.91339],[151.13702,-33.91457],[151.13843,-33.91527],[151.13979,-33.91571],[151.14016,-33.91623],[151.14009,-33.917],[151.13899,-33.91849],[151.13852,-33.9188],[151.13722,-33.9192],[151.13687,-33.91951],[151.13662,-33.92023],[151.13667,-33.92087],[151.13686,-33.92118],[151.13749,-33.92156],[151.13935,-33.92207],[151.14088,-33.92276],[151.1417,-33.92286],[151.14412,-33.92274],[151.14522,-33.92248],[151.14579,-33.92219],[151.14684,-33.92115],[151.14758,-33.92103],[151.14845,-33.92143],[151.14989,-33.9229],[151.15093,-33.92308],[151.15298,-33.92289],[151.15483,-33.92368],[151.15524,-33.92419],[151.15496,-33.92427],[151.15479,-33.92606],[151.15534,-33.92659],[151.15567,-33.92756],[151.15653,-33.92905],[151.15694,-33.92933],[151.15584,-33.93078],[151.15581,-33.93124],[151.15598,-33.93165],[151.15659,-33.9322],[151.16047,-33.93376],[151.16113,-33.93378],[151.1619,-33.93358],[151.1633,-33.9315],[151.16602,-33.93002],[151.16687,-33.92974],[151.16759,-33.92979],[151.16827,-33.9301],[151.16916,-33.93086],[151.17191,-33.92919],[151.17128,-33.92817],[151.17132,-33.92787],[151.17331,-33.92684],[151.17419,-33.92583],[151.17518,-33.92408],[151.17767,-33.92253],[151.17962,-33.92031],[151.1783,-33.91956],[151.1767,-33.91784],[151.17891,-33.91622],[151.18126,-33.91591],[151.18135,-33.91346],[151.18124,-33.91334],[151.18118,-33.90881],[151.18152,-33.9069],[151.17816,-33.90029],[151.17782,-33.89912],[151.17791,-33.89875],[151.17955,-33.89675],[151.18117,-33.89573],[151.17918,-33.891],[151.17841,-33.8912],[151.1766,-33.88694],[151.17549,-33.88322],[151.17531,-33.88303],[151.17615,-33.88246],[151.17587,-33.88044],[151.17591,-33.87972],[151.17624,-33.87885],[151.17683,-33.87815],[151.17635,-33.87675],[151.17553,-33.87624],[151.17499,-33.87561],[151.17498,-33.87294],[151.1748,-33.87273],[151.17525,-33.87258],[151.17525,-33.87246],[151.1735,-33.87123],[151.17377,-33.87092],[151.18028,-33.86921],[151.18091,-33.86957],[151.18319,-33.86892],[151.18418,-33.86899],[151.1844,-33.86849],[151.18456,-33.86854],[151.18468,-33.86811],[151.18535,-33.86826],[151.18545,-33.86798],[151.18508,-33.86787],[151.18557,-33.86749],[151.18565,-33.8676],[151.1875,-33.86368],[151.18677,-33.86344],[151.18676,-33.86357],[151.17967,-33.86675],[151.17933,-33.86644],[151.18085,-33.86471],[151.18151,-33.86371],[151.18164,-33.8638],[151.1868,-33.86137],[151.19122,-33.86122],[151.19117,-33.86103],[151.19172,-33.86048],[151.19236,-33.8606],[151.1914,-33.86019],[151.1903,-33.8602],[151.19023,-33.85925],[151.19077,-33.85873],[151.19161,-33.85909],[151.19201,-33.85964],[151.19228,-33.85968],[151.19495,-33.85943],[151.19601,-33.86005],[151.1964,-33.85995],[151.19657,-33.85961],[151.19656,-33.85915],[151.19583,-33.85696],[151.1954,-33.85624],[151.19479,-33.85585],[151.19378,-33.85438],[151.1934,-33.85425],[151.19309,-33.85436],[151.18999,-33.85611],[151.18946,-33.8566],[151.18871,-33.85675],[151.18786,-33.85618],[151.18744,-33.85543],[151.18689,-33.85505],[151.18594,-33.85474],[151.18597,-33.85458],[151.18461,-33.85353],[151.18475,-33.85325],[151.18551,-33.85287],[151.18659,-33.85352],[151.18681,-33.85311],[151.18797,-33.85328],[151.18859,-33.8532],[151.18962,-33.85285],[151.19044,-33.85225],[151.19057,-33.8518],[151.18906,-33.85168],[151.18802,-33.85187],[151.18598,-33.85081],[151.18544,-33.85079],[151.18432,-33.8498],[151.18423,-33.84988],[151.18363,-33.84954],[151.18284,-33.84966],[151.18251,-33.84935],[151.18221,-33.8487],[151.18224,-33.84843],[151.18244,-33.84831],[151.18357,-33.84793],[151.18454,-33.84791],[151.18551,-33.84717],[151.18688,-33.84699],[151.18674,-33.8467],[151.1861,-33.84652],[151.18548,-33.84599]]]},"properties":{"lganame":"INNER WEST","councilname":"INNER WEST COUNCIL","abscode":4170}},{"type":"Feature","geometry":{"type":"Polygon","coordinates":[[[151.16634,-33.80621],[151.15345,-33.80422],[151.14464,-33.80306],[151.145,-33.80392],[151.1447,-33.80528],[151.14495,-33.80557],[151.14483,-33.8059],[151.14458,-33.80594],[151.14446,-33.80619],[151.14354,-33.80663],[151.14303,-33.80707],[151.14211,-33.80857],[151.14261,-33.80927],[151.14291,-33.81094],[151.14323,-33.8104],[151.1434,-33.8107],[151.14307,-33.81206],[151.14322,-33.81312],[151.1441,-33.81424],[151.14479,-33.81472],[151.14527,-33.81558],[151.14521,-33.81603],[151.14466,-33.81641],[151.14467,-33.81654],[151.14538,-33.81703],[151.14573,-33.81777],[151.14598,-33.81797],[151.14675,-33.81776],[151.14754,-33.81795],[151.14849,-33.81841],[151.14889,-33.81903],[151.14906,-33.81976],[151.14879,-33.8216],[151.14918,-33.82295],[151.14914,-33.82337],[151.14959,-33.8239],[151.14953,-33.82443],[151.1497,-33.82483],[151.14883,-33.82624],[151.14793,-33.82671],[151.14654,-33.82696],[151.14583,-33.82758],[151.14543,-33.82804],[151.14575,-33.82885],[151.14637,-33.82904],[151.14671,-33.82865],[151.14792,-33.82872],[151.14972,-33.8294],[151.15031,-33.82916],[151.15061,-33.82881],[151.15175,-33.82858],[151.15191,-33.8287],[151.15217,-33.82846],[151.15227,-33.82726],[151.15186,-33.82598],[151.15123,-33.82514],[151.15123,-33.82475],[151.15087,-33.82438],[151.15075,-33.82374],[151.15061,-33.82364],[151.15094,-33.82277],[151.15125,-33.82259],[151.1514,-33.82192],[151.15225,-33.82171],[151.15252,-33.82213],[151.15247,-33.82255],[151.15257,-33.82262],[151.15215,-33.8238],[151.15257,-33.82443],[151.15251,-33.82458],[151.15324,-33.82501],[151.15317,-33.82525],[151.15338,-33.82584],[151.15436,-33.82651],[151.15432,-33.82702],[151.15418,-33.827],[151.15374,-33.82828],[151.15427,-33.82898],[151.15495,-33.82923],[151.15568,-33.82978],[151.15686,-33.8299],[151.15861,-33.83038],[151.15927,-33.83022],[151.1598,-33.82976],[151.16014,-33.82913],[151.16019,-33.82783],[151.15978,-33.82773],[151.15977,-33.8273],[151.15959,-33.82719],[151.15971,-33.82704],[151.16043,-33.82717],[151.16176,-33.82813],[151.16178,-33.8283],[151.16213,-33.82816],[151.16418,-33.82843],[151.16499,-33.82821],[151.16636,-33.82659],[151.16687,-33.82633],[151.16635,-33.82668],[151.16566,-33.8284],[151.16526,-33.82902],[151.16476,-33.82906],[151.1648,-33.82929],[151.16371,-33.83002],[151.16148,-33.83026],[151.16099,-33.83125],[151.16146,-33.8322],[151.16249,-33.83232],[151.16282,-33.83211],[151.16379,-33.83254],[151.16441,-33.83317],[151.16449,-33.83381],[151.16473,-33.83417],[151.16656,-33.83407],[151.16759,-33.83423],[151.16852,-33.83575],[151.16893,-33.83602],[151.16976,-33.83592],[151.17076,-33.83501],[151.17164,-33.83458],[151.17254,-33.83453],[151.17299,-33.8342],[151.17319,-33.83429],[151.17327,-33.83386],[151.17372,-33.83341],[151.173,-33.83272],[151.1715,-33.83199],[151.17138,-33.83164],[151.17122,-33.83173],[151.17093,-33.83125],[151.17039,-33.83109],[151.17043,-33.83071],[151.17087,-33.83015],[151.17133,-33.82992],[151.17166,-33.82998],[151.17177,-33.82977],[151.17219,-33.82958],[151.17218,-33.8293],[151.17264,-33.82882],[151.17271,-33.82836],[151.17412,-33.8278],[151.17471,-33.8282],[151.17493,-33.82818],[151.17509,-33.82849],[151.17496,-33.82862],[151.17516,-33.82857],[151.17587,-33.82918],[151.17659,-33.83015],[151.17685,-33.83093],[151.17775,-33.83127],[151.17834,-33.83188],[151.1783,-33.8322],[151.17866,-33.83253],[151.17986,-33.83239],[151.18005,-33.83257],[151.18039,-33.83232],[151.18016,-33.83192],[151.18018,-33.83126],[151.1798,-33.83058],[151.18071,-33.83025],[151.18159,-33.82955],[151.1821,-33.82977],[151.18146,-33.83106],[151.18196,-33.83211],[151.18182,-33.83289],[151.18192,-33.8334],[151.18229,-33.83371],[151.18235,-33.83414],[151.18313,-33.83409],[151.18368,-33.83435],[151.18431,-33.83515],[151.18456,-33.83588],[151.18405,-33.83689],[151.18296,-33.83766],[151.18197,-33.83803],[151.18033,-33.83918],[151.1795,-33.8401],[151.1795,-33.84033],[151.17971,-33.84079],[151.18114,-33.84223],[151.18155,-33.84223],[151.18183,-33.84205],[151.18199,-33.84214],[151.18255,-33.84146],[151.18311,-33.84172],[151.1834,-33.84157],[151.18457,-33.84252],[151.18684,-33.84332],[151.18725,-33.84328],[151.18756,-33.84292],[151.18621,-33.84139],[151.18609,-33.84112],[151.18619,-33.84108],[151.18563,-33.84038],[151.18501,-33.83887],[151.18516,-33.8386],[151.18545,-33.83847],[151.18526,-33.83842],[151.18624,-33.83784],[151.18646,-33.83745],[151.18645,-33.837],[151.18689,-33.83682],[151.1866,-33.83582],[151.18681,-33.83526],[151.18765,-33.8344],[151.18904,-33.83363],[151.18912,-33.83372],[151.18917,-33.83118],[151.18989,-33.83067],[151.19045,-33.83065],[151.19109,-33.83033],[151.19139,-33.82966],[151.19258,-33.82921],[151.19279,-33.82844],[151.19273,-33.82797],[151.19343,-33.82809],[151.19417,-33.82764],[151.19485,-33.82764],[151.19593,-33.82795],[151.1959,-33.82718],[151.19555,-33.82631],[151.19702,-33.82587],[151.19827,-33.82509],[151.19709,-33.82372],[151.19562,-33.82325],[151.19405,-33.82347],[151.19031,-33.82474],[151.18933,-33.8247],[151.18813,-33.82442],[151.18772,-33.82413],[151.18611,-33.82165],[151.18249,-33.81803],[151.18145,-33.81753],[151.17984,-33.81721],[151.17883,-33.81648],[151.17783,-33.81452],[151.17641,-33.81348],[151.17542,-33.81246],[151.17562,-33.81172],[151.17608,-33.81114],[151.17787,-33.80981],[151.17887,-33.8081],[151.1796,-33.80738],[151.1797,-33.80672],[151.17936,-33.80539],[151.17718,-33.80562],[151.17529,-33.80647],[151.17373,-33.80677],[151.17292,-33.80749],[151.17222,-33.80775],[151.16813,-33.8071],[151.16634,-33.80621]]]},"properties":{"lganame":"LANE COVE","councilname":"LANE COVE MUNICIPAL COUNCIL","abscode":4700}},{"type":"Feature","geometry":{"type":"Polygon","coordinates":[[[151.03249,-33.88828],[151.03097,-33.88807],[151.02955,-33.88754],[150.9952,-33.86858],[150.99345,-33.86719],[150.9906,-33.864],[150.98892,-33.86596],[150.98541,-33.87062],[150.97895,-33.87954],[150.97735,-33.88201],[150.97317,-33.8896],[150.97109,-33.88907],[150.96949,-33.88889],[150.96852,-33.88916],[150.96715,-33.89014],[150.96848,-33.89206],[150.96828,-33.89318],[150.96822,-33.89539],[150.96837,-33.89641],[150.96879,-33.89683],[150.97214,-33.89781],[150.97248,-33.89805],[150.97295,-33.90024],[150.97349,-33.9011],[150.97548,-33.90267],[150.9772,-33.90431],[150.97912,-33.9055],[150.97955,-33.90609],[150.97765,-33.90897],[150.97719,-33.90924],[150.97667,-33.90924],[150.97616,-33.90903],[150.97513,-33.90768],[150.97439,-33.90711],[150.97367,-33.90694],[150.97324,-33.90724],[150.97352,-33.9086],[150.97351,-33.90991],[150.9741,-33.91035],[150.97442,-33.91134],[150.9744,-33.91297],[150.97394,-33.91502],[150.97379,-33.91673],[150.97392,-33.91813],[150.97445,-33.92031],[150.9759,-33.92364],[150.97876,-33.9274],[150.97908,-33.92817],[150.97909,-33.92889],[150.9786,-33.92976],[150.97764,-33.93017],[150.97695,-33.93002],[150.97611,-33.92952],[150.97481,-33.92917],[150.97363,-33.92903],[150.97218,-33.92918],[150.97118,-33.92949],[150.96935,-33.93051],[150.96822,-33.93144],[150.96773,-33.9323],[150.9676,-33.93332],[150.96797,-33.93514],[150.96868,-33.93666],[150.9688,-33.93841],[150.96839,-33.93936],[150.96736,-33.94018],[150.96616,-33.94185],[150.96608,-33.94262],[150.96625,-33.94342],[150.96672,-33.94399],[150.9692,-33.94559],[150.97038,-33.94671],[150.97074,-33.94723],[150.97272,-33.95177],[150.97353,-33.95267],[150.97526,-33.95302],[150.97732,-33.95308],[150.98005,-33.95349],[150.98196,-33.95441],[150.98293,-33.95515],[150.98323,-33.9558],[150.98317,-33.95634],[150.98114,-33.95924],[150.98034,-33.96102],[150.9802,-33.96199],[150.98033,-33.9634],[150.98093,-33.96458],[150.98209,-33.96553],[150.98288,-33.96574],[150.98768,-33.96551],[150.98912,-33.96578],[150.99003,-33.96655],[150.99153,-33.96866],[150.99308,-33.97017],[150.99522,-33.97267],[150.99578,-33.97306],[150.99729,-33.97367],[150.99829,-33.97452],[150.99835,-33.97499],[150.99808,-33.97555],[150.99579,-33.97681],[150.99471,-33.9778],[150.99435,-33.9784],[150.99451,-33.97969],[150.99511,-33.98087],[150.996,-33.98175],[150.99691,-33.98225],[150.99909,-33.98288],[150.99988,-33.98286],[151.00069,-33.9825],[151.00127,-33.98201],[151.00266,-33.98025],[151.00323,-33.97987],[151.00384,-33.9797],[151.00474,-33.98004],[151.00542,-33.98206],[151.006,-33.98257],[151.00664,-33.9827],[151.00964,-33.98249],[151.01021,-33.98322],[151.01064,-33.9835],[151.01141,-33.98372],[151.01217,-33.98369],[151.01456,-33.98301],[151.01568,-33.98229],[151.0166,-33.98138],[151.01995,-33.97712],[151.02102,-33.97635],[151.02279,-33.97668],[151.02485,-33.97785],[151.02582,-33.97795],[151.03009,-33.97752],[151.03068,-33.97732],[151.03241,-33.97618],[151.03587,-33.97578],[151.03631,-33.97597],[151.03661,-33.97646],[151.03914,-33.97533],[151.0417,-33.97388],[151.04256,-33.97281],[151.04292,-33.97149],[151.04508,-33.97076],[151.04545,-33.97022],[151.04559,-33.96943],[151.04539,-33.96861],[151.0448,-33.96786],[151.04454,-33.9666],[151.04311,-33.96468],[151.04193,-33.96257],[151.04129,-33.961],[151.04199,-33.95832],[151.04179,-33.95602],[151.04233,-33.9522],[151.04209,-33.95134],[151.04272,-33.94982],[151.0425,-33.94747],[151.05798,-33.9495],[151.05912,-33.94929],[151.05914,-33.95024],[151.07879,-33.94712],[151.07728,-33.94364],[151.08329,-33.941],[151.08469,-33.94053],[151.08693,-33.94029],[151.09199,-33.94062],[151.09738,-33.93986],[151.09953,-33.93931],[151.10068,-33.93884],[151.10078,-33.93926],[151.1013,-33.93901],[151.10155,-33.93865],[151.10225,-33.93841],[151.10251,-33.93768],[151.10323,-33.93776],[151.10431,-33.93721],[151.10622,-33.93751],[151.10687,-33.93693],[151.10798,-33.93647],[151.10869,-33.93645],[151.10898,-33.93679],[151.10943,-33.93692],[151.10991,-33.93672],[151.11112,-33.93668],[151.11125,-33.937],[151.11159,-33.93708],[151.11245,-33.937],[151.11312,-33.93672],[151.11575,-33.93677],[151.11708,-33.93579],[151.1185,-33.9341],[151.1196,-33.93335],[151.11998,-33.93313],[151.12224,-33.93262],[151.1237,-33.93188],[151.12401,-33.93152],[151.12418,-33.93067],[151.1244,-33.93048],[151.12596,-33.9307],[151.12732,-33.93032],[151.12841,-33.9306],[151.1297,-33.93053],[151.13185,-33.93159],[151.13343,-33.93174],[151.13372,-33.93151],[151.13443,-33.93001],[151.13466,-33.92981],[151.13679,-33.93044],[151.13775,-33.93037],[151.13821,-33.92963],[151.13825,-33.92923],[151.13906,-33.92803],[151.14015,-33.9274],[151.14304,-33.92764],[151.14349,-33.92822],[151.14494,-33.92726],[151.14615,-33.9269],[151.15023,-33.92744],[151.15109,-33.92777],[151.15166,-33.9278],[151.15309,-33.92745],[151.15497,-33.92628],[151.15479,-33.92606],[151.15482,-33.92504],[151.15496,-33.92427],[151.15524,-33.92419],[151.15488,-33.92371],[151.15304,-33.9229],[151.15093,-33.92308],[151.14989,-33.9229],[151.14879,-33.92171],[151.1478,-33.92108],[151.14689,-33.92112],[151.14575,-33.92222],[151.14503,-33.92254],[151.14359,-33.9228],[151.1417,-33.92286],[151.14088,-33.92276],[151.13935,-33.92207],[151.13749,-33.92156],[151.13686,-33.92118],[151.13667,-33.92087],[151.13662,-33.92023],[151.13687,-33.91951],[151.13722,-33.9192],[151.13852,-33.9188],[151.13899,-33.91849],[151.14009,-33.917],[151.14016,-33.91623],[151.13979,-33.91571],[151.13843,-33.91527],[151.13702,-33.91457],[151.13599,-33.91339],[151.13499,-33.91309],[151.13438,-33.90576],[151.13319,-33.90513],[151.12851,-33.90478],[151.12596,-33.90755],[151.12224,-33.90634],[151.12488,-33.89968],[151.1251,-33.89568],[151.12407,-33.89576],[151.12402,-33.89564],[151.12007,-33.89553],[151.11461,-33.8958],[151.11301,-33.89567],[151.11233,-33.89559],[151.11247,-33.89434],[151.09962,-33.89747],[151.09892,-33.90087],[151.09945,-33.90191],[151.09938,-33.90282],[151.09751,-33.90363],[151.09648,-33.90348],[151.09413,-33.9021],[151.09166,-33.90191],[151.0895,-33.90075],[151.0891,-33.90029],[151.08895,-33.89976],[151.08819,-33.89988],[151.08594,-33.90072],[151.08272,-33.90272],[151.07987,-33.90523],[151.07782,-33.90729],[151.07689,-33.90759],[151.07633,-33.90803],[151.07553,-33.90953],[151.07526,-33.90951],[151.06437,-33.9078],[151.06394,-33.9065],[151.0639,-33.90616],[151.06828,-33.90685],[151.06857,-33.90565],[151.06406,-33.90494],[151.06618,-33.8955],[151.06745,-33.88896],[151.06824,-33.88597],[151.0654,-33.88627],[151.06358,-33.88694],[151.06179,-33.88805],[151.05914,-33.89026],[151.05714,-33.89166],[151.05858,-33.88428],[151.05601,-33.88427],[151.04909,-33.88586],[151.04949,-33.8871],[151.03249,-33.88828]]]},"properties":{"lganame":"CANTERBURY-BANKSTOWN","councilname":"CANTERBURY-BANKSTOWN COUNCIL","abscode":1570}},{"type":"Feature","geometry":{"type":"Polygon","coordinates":[[[151.2235,-33.92557],[151.22162,-33.92546],[151.21524,-33.92458],[151.21041,-33.92344],[151.18069,-33.91927],[151.18004,-33.91982],[151.17767,-33.92253],[151.17518,-33.92408],[151.17419,-33.92583],[151.17331,-33.92684],[151.17132,-33.92787],[151.17128,-33.92817],[151.17191,-33.92919],[151.16916,-33.93086],[151.16827,-33.9301],[151.16755,-33.92979],[151.16687,-33.92974],[151.16593,-33.93005],[151.1633,-33.9315],[151.16212,-33.93336],[151.16165,-33.93369],[151.16042,-33.93375],[151.15969,-33.93334],[151.15669,-33.93225],[151.15611,-33.93182],[151.15583,-33.93135],[151.15583,-33.9308],[151.15694,-33.92933],[151.15653,-33.92905],[151.15567,-33.92756],[151.15534,-33.92659],[151.15497,-33.92628],[151.15309,-33.92745],[151.15166,-33.9278],[151.15109,-33.92777],[151.15023,-33.92744],[151.14615,-33.9269],[151.14494,-33.92726],[151.14349,-33.92822],[151.14304,-33.92764],[151.14015,-33.9274],[151.13906,-33.92803],[151.13825,-33.92923],[151.13821,-33.92963],[151.13775,-33.93037],[151.13679,-33.93044],[151.13466,-33.92981],[151.13443,-33.93001],[151.13372,-33.93151],[151.13343,-33.93174],[151.13185,-33.93159],[151.1297,-33.93053],[151.12841,-33.9306],[151.12732,-33.93032],[151.12596,-33.9307],[151.1244,-33.93048],[151.12418,-33.93067],[151.12401,-33.93152],[151.1237,-33.93188],[151.12224,-33.93262],[151.11998,-33.93313],[151.1196,-33.93335],[151.1185,-33.9341],[151.11709,-33.93578],[151.11579,-33.93676],[151.11312,-33.93672],[151.11245,-33.937],[151.11159,-33.93708],[151.11125,-33.937],[151.11112,-33.93668],[151.10991,-33.93672],[151.10943,-33.93692],[151.10898,-33.93679],[151.10877,-33.93648],[151.10836,-33.93643],[151.1078,-33.9365],[151.10693,-33.93691],[151.10622,-33.93751],[151.10431,-33.93721],[151.10323,-33.93776],[151.10247,-33.93771],[151.10225,-33.93841],[151.10155,-33.93865],[151.1013,-33.93901],[151.10078,-33.93926],[151.10296,-33.94953],[151.10199,-33.94968],[151.11009,-33.95899],[151.11293,-33.96239],[151.11283,-33.96243],[151.11882,-33.9694],[151.12783,-33.96759],[151.12924,-33.96708],[151.13038,-33.96633],[151.13143,-33.96526],[151.13213,-33.96396],[151.13473,-33.95616],[151.13804,-33.95981],[151.13613,-33.96904],[151.13676,-33.98184],[151.13597,-33.98578],[151.12619,-34.00189],[151.1265,-34.00271],[151.12763,-34.00345],[151.12819,-34.0041],[151.12848,-34.00471],[151.12847,-34.00563],[151.12764,-34.00781],[151.13095,-34.00897],[151.13696,-34.01009],[151.13871,-34.01002],[151.14141,-34.00934],[151.1445,-34.00802],[151.14681,-34.00647],[151.15022,-34.00307],[151.15372,-34.00051],[151.15573,-33.99811],[151.15614,-33.99746],[151.14888,-33.99422],[151.14889,-33.99358],[151.14802,-33.99007],[151.1479,-33.98864],[151.14796,-33.98583],[151.14847,-33.98583],[151.1487,-33.98558],[151.14852,-33.98532],[151.14796,-33.98526],[151.14832,-33.98328],[151.14888,-33.98162],[151.14986,-33.97987],[151.15088,-33.97514],[151.15157,-33.97306],[151.15261,-33.9705],[151.15383,-33.96814],[151.15534,-33.9642],[151.15549,-33.96388],[151.15693,-33.96432],[151.15767,-33.96267],[151.15622,-33.96222],[151.15765,-33.95915],[151.15971,-33.95608],[151.16256,-33.95264],[151.16539,-33.95024],[151.1672,-33.94892],[151.16793,-33.94877],[151.17553,-33.95503],[151.18018,-33.97295],[151.20717,-33.98293],[151.21013,-33.97183],[151.22085,-33.96839],[151.22016,-33.96426],[151.22117,-33.9591],[151.22194,-33.95919],[151.22557,-33.95647],[151.23025,-33.95559],[151.23018,-33.95523],[151.2304,-33.95385],[151.23158,-33.95227],[151.23164,-33.95174],[151.23139,-33.94986],[151.23001,-33.94771],[151.22979,-33.94745],[151.22809,-33.94666],[151.22708,-33.94584],[151.22677,-33.94528],[151.22677,-33.94458],[151.22772,-33.9415],[151.22945,-33.93787],[151.23048,-33.93526],[151.23021,-33.93306],[151.22817,-33.92514],[151.22799,-33.92496],[151.2235,-33.92557]]]},"properties":{"lganame":"BAYSIDE","councilname":"BAYSIDE COUNCIL","abscode":500}},{"type":"Feature","geometry":{"type":"Polygon","coordinates":[[[151.29614,-33.57293],[151.29407,-33.57198],[151.29244,-33.57176],[151.29183,-33.57189],[151.29106,-33.57296],[151.28931,-33.57344],[151.28776,-33.57289],[151.28617,-33.5732],[151.28478,-33.57219],[151.2837,-33.57287],[151.28289,-33.57368],[151.28247,-33.57497],[151.28243,-33.57586],[151.28284,-33.57729],[151.28278,-33.57777],[151.28119,-33.57978],[151.27981,-33.58023],[151.27943,-33.58069],[151.27785,-33.58127],[151.27743,-33.58161],[151.27694,-33.58237],[151.27647,-33.58272],[151.27514,-33.58271],[151.27432,-33.58207],[151.27398,-33.582],[151.27296,-33.58228],[151.27244,-33.58277],[151.27216,-33.58365],[151.27251,-33.58511],[151.27221,-33.5868],[151.27235,-33.58742],[151.27269,-33.58795],[151.27247,-33.58825],[151.27045,-33.58754],[151.26993,-33.58663],[151.26902,-33.58607],[151.26829,-33.58595],[151.26716,-33.58627],[151.26592,-33.58721],[151.26541,-33.58741],[151.26467,-33.58807],[151.26265,-33.58927],[151.26084,-33.58978],[151.2578,-33.58955],[151.25376,-33.58883],[151.25095,-33.58762],[151.25012,-33.58803],[151.24958,-33.58903],[151.24938,-33.59051],[151.24997,-33.59231],[151.25102,-33.59348],[151.25193,-33.59355],[151.25437,-33.59325],[151.25633,-33.5932],[151.25733,-33.59296],[151.25837,-33.59298],[151.25863,-33.59349],[151.25826,-33.59429],[151.25843,-33.595],[151.26139,-33.59696],[151.26248,-33.59737],[151.26269,-33.59759],[151.26167,-33.598],[151.26141,-33.59872],[151.26073,-33.59913],[151.26037,-33.59897],[151.25967,-33.59787],[151.25888,-33.59762],[151.25773,-33.59696],[151.25627,-33.5966],[151.25523,-33.59663],[151.25406,-33.59734],[151.25218,-33.59763],[151.25165,-33.59798],[151.25148,-33.5986],[151.25217,-33.59986],[151.2522,-33.60045],[151.25241,-33.60088],[151.25459,-33.60285],[151.25519,-33.60313],[151.25612,-33.60418],[151.2564,-33.60476],[151.25633,-33.60494],[151.25573,-33.60432],[151.25443,-33.60363],[151.25162,-33.60291],[151.2497,-33.60267],[151.24867,-33.60232],[151.24802,-33.60235],[151.24725,-33.60277],[151.24679,-33.60266],[151.24636,-33.602],[151.24615,-33.60046],[151.24612,-33.59912],[151.24672,-33.59801],[151.24643,-33.59722],[151.24629,-33.5962],[151.24608,-33.59578],[151.24547,-33.59532],[151.24409,-33.59493],[151.24359,-33.59451],[151.24293,-33.59477],[151.24278,-33.59532],[151.24338,-33.59693],[151.24351,-33.59808],[151.24267,-33.59869],[151.24276,-33.59916],[151.24247,-33.59976],[151.24156,-33.60035],[151.24081,-33.60052],[151.24005,-33.6003],[151.23935,-33.59979],[151.23916,-33.59981],[151.23813,-33.60121],[151.23684,-33.60245],[151.23604,-33.60258],[151.23424,-33.60212],[151.23347,-33.60256],[151.23266,-33.60345],[151.23188,-33.6036],[151.23153,-33.60351],[151.23022,-33.60199],[151.2287,-33.60153],[151.2283,-33.60126],[151.2281,-33.60077],[151.22858,-33.60007],[151.22864,-33.5997],[151.22818,-33.59895],[151.22747,-33.59863],[151.22624,-33.59895],[151.22596,-33.59935],[151.22499,-33.59982],[151.22444,-33.6004],[151.22425,-33.60069],[151.22411,-33.60152],[151.22364,-33.60216],[151.2234,-33.60386],[151.22242,-33.60291],[151.22203,-33.60149],[151.2217,-33.60102],[151.22127,-33.60068],[151.22051,-33.60043],[151.22043,-33.59953],[151.22013,-33.59933],[151.21958,-33.5995],[151.2183,-33.60071],[151.21834,-33.6015],[151.219,-33.6021],[151.21989,-33.60339],[151.22065,-33.60528],[151.22199,-33.60671],[151.22274,-33.60716],[151.22473,-33.60663],[151.22536,-33.60662],[151.22572,-33.60691],[151.22643,-33.60815],[151.22642,-33.60842],[151.22606,-33.60846],[151.22502,-33.60819],[151.2241,-33.60834],[151.22385,-33.60876],[151.22386,-33.60933],[151.22483,-33.61163],[151.22503,-33.61313],[151.22489,-33.61416],[151.22587,-33.61578],[151.22665,-33.61625],[151.22765,-33.61751],[151.22875,-33.6181],[151.22783,-33.6181],[151.22672,-33.61723],[151.22438,-33.6167],[151.22374,-33.61713],[151.22359,-33.61704],[151.223,-33.61546],[151.2224,-33.61454],[151.22265,-33.613],[151.22239,-33.61223],[151.22163,-33.61136],[151.22127,-33.61042],[151.22066,-33.60973],[151.2197,-33.60912],[151.21877,-33.609],[151.21807,-33.60935],[151.21665,-33.6105],[151.2162,-33.61105],[151.21582,-33.61226],[151.2155,-33.61264],[151.21358,-33.61243],[151.21312,-33.61315],[151.20737,-33.61546],[151.20626,-33.61532],[151.20466,-33.61557],[151.20436,-33.61586],[151.20391,-33.61683],[151.20338,-33.61737],[151.20193,-33.61769],[151.20061,-33.61844],[151.20014,-33.61945],[151.20013,-33.61991],[151.20032,-33.62026],[151.20022,-33.62043],[151.19967,-33.62053],[151.199,-33.61984],[151.19861,-33.61979],[151.19797,-33.6201],[151.19664,-33.62146],[151.19117,-33.62228],[151.19081,-33.62201],[151.18959,-33.62204],[151.18807,-33.62166],[151.18682,-33.62175],[151.18601,-33.62207],[151.18528,-33.62259],[151.18198,-33.62799],[151.17963,-33.62593],[151.17847,-33.6269],[151.17716,-33.62679],[151.17635,-33.62714],[151.17508,-33.62688],[151.17443,-33.62643],[151.17309,-33.62641],[151.17265,-33.62994],[151.17303,-33.63223],[151.17222,-33.63246],[151.17011,-33.63387],[151.1697,-33.63475],[151.16971,-33.6359],[151.16901,-33.63718],[151.16906,-33.6377],[151.16943,-33.63828],[151.17118,-33.63908],[151.17175,-33.63989],[151.17046,-33.63934],[151.16882,-33.63938],[151.16757,-33.63866],[151.16687,-33.63781],[151.16655,-33.6378],[151.16555,-33.63843],[151.16495,-33.6393],[151.16529,-33.64124],[151.16526,-33.64218],[151.16435,-33.64368],[151.16446,-33.6446],[151.1655,-33.64617],[151.16529,-33.64709],[151.16463,-33.64817],[151.16552,-33.64921],[151.16631,-33.6497],[151.16703,-33.65135],[151.16691,-33.65167],[151.16608,-33.65019],[151.16538,-33.64965],[151.16474,-33.65024],[151.16328,-33.64967],[151.16243,-33.64968],[151.16127,-33.65031],[151.16058,-33.6514],[151.16093,-33.65251],[151.16221,-33.65467],[151.16367,-33.65542],[151.16404,-33.65585],[151.1642,-33.65639],[151.16405,-33.6573],[151.16425,-33.6582],[151.16349,-33.65854],[151.16213,-33.65988],[151.16141,-33.65998],[151.16354,-33.66134],[151.16449,-33.66207],[151.1654,-33.66318],[151.16687,-33.66409],[151.16725,-33.66481],[151.1671,-33.66552],[151.16729,-33.6661],[151.16878,-33.66721],[151.16913,-33.66773],[151.16893,-33.66854],[151.1674,-33.67003],[151.16769,-33.67062],[151.16886,-33.67135],[151.169,-33.67175],[151.16864,-33.67213],[151.16743,-33.67249],[151.16709,-33.67283],[151.16704,-33.67315],[151.16816,-33.67391],[151.16833,-33.67419],[151.16854,-33.67478],[151.16859,-33.67599],[151.16909,-33.67625],[151.17094,-33.67666],[151.17164,-33.67709],[151.17176,-33.67755],[151.17143,-33.67808],[151.17021,-33.67885],[151.17038,-33.68017],[151.16987,-33.68127],[151.16838,-33.68312],[151.16585,-33.68534],[151.16573,-33.68583],[151.16685,-33.68655],[151.16752,-33.68789],[151.16936,-33.68878],[151.17109,-33.69073],[151.17372,-33.69174],[151.17369,-33.69198],[151.17288,-33.69262],[151.17276,-33.69304],[151.17388,-33.69414],[151.17449,-33.695],[151.17453,-33.69552],[151.17413,-33.69604],[151.17423,-33.69639],[151.17467,-33.69678],[151.17591,-33.69741],[151.17629,-33.69796],[151.17735,-33.69789],[151.17867,-33.6982],[151.18094,-33.69812],[151.18234,-33.69837],[151.18687,-33.69873],[151.18832,-33.69866],[151.18915,-33.69921],[151.18959,-33.69974],[151.19049,-33.70213],[151.19142,-33.70271],[151.18962,-33.71263],[151.18904,-33.71312],[151.18881,-33.71355],[151.18916,-33.71617],[151.18816,-33.7178],[151.1877,-33.71896],[151.18787,-33.71967],[151.18767,-33.72059],[151.18783,-33.72116],[151.18854,-33.72152],[151.1881,-33.72234],[151.18823,-33.72325],[151.18934,-33.72416],[151.18861,-33.72486],[151.18876,-33.72578],[151.18924,-33.7259],[151.18994,-33.72544],[151.19066,-33.72602],[151.192,-33.7266],[151.19169,-33.72727],[151.19175,-33.72813],[151.19138,-33.72861],[151.19078,-33.72806],[151.19029,-33.7279],[151.18785,-33.72807],[151.18677,-33.72846],[151.18559,-33.72984],[151.18472,-33.73042],[151.18394,-33.73135],[151.18228,-33.73269],[151.18213,-33.73329],[151.18271,-33.73409],[151.1818,-33.73447],[151.18171,-33.73479],[151.18215,-33.73621],[151.18219,-33.73689],[151.18078,-33.73881],[151.18036,-33.73976],[151.18027,-33.74051],[151.18071,-33.74103],[151.18226,-33.74171],[151.1817,-33.74242],[151.18193,-33.74273],[151.18348,-33.74322],[151.18497,-33.74392],[151.18682,-33.74436],[151.18731,-33.74428],[151.18808,-33.74365],[151.18839,-33.74374],[151.18916,-33.74481],[151.19047,-33.74727],[151.19176,-33.74783],[151.19207,-33.74811],[151.19192,-33.74939],[151.1931,-33.74969],[151.19374,-33.75019],[151.19396,-33.75103],[151.19372,-33.75213],[151.19377,-33.75275],[151.19523,-33.75326],[151.19576,-33.7538],[151.19416,-33.75424],[151.19251,-33.75501],[151.19231,-33.75479],[151.1924,-33.75491],[151.19222,-33.75512],[151.19164,-33.7555],[151.19186,-33.75508],[151.1907,-33.75544],[151.19056,-33.75566],[151.1907,-33.75577],[151.19061,-33.75743],[151.19121,-33.75798],[151.19207,-33.75844],[151.19245,-33.75914],[151.193,-33.75962],[151.19276,-33.75987],[151.19308,-33.76014],[151.19471,-33.76099],[151.19615,-33.76151],[151.19725,-33.76162],[151.19829,-33.76219],[151.19854,-33.76277],[151.19853,-33.76409],[151.19883,-33.7646],[151.19858,-33.76504],[151.19865,-33.76544],[151.19843,-33.76573],[151.19828,-33.76645],[151.19833,-33.76724],[151.19854,-33.76744],[151.19849,-33.76807],[151.19942,-33.76864],[151.20079,-33.76894],[151.20116,-33.7697],[151.20182,-33.76992],[151.20258,-33.77064],[151.20244,-33.77156],[151.2018,-33.77209],[151.20202,-33.77299],[151.20192,-33.77356],[151.20294,-33.77369],[151.20492,-33.77441],[151.20513,-33.7748],[151.20631,-33.77548],[151.20647,-33.77593],[151.20733,-33.77686],[151.20741,-33.77714],[151.20723,-33.7774],[151.20669,-33.77753],[151.20585,-33.77718],[151.20662,-33.77756],[151.20732,-33.77896],[151.20876,-33.77857],[151.21076,-33.77858],[151.21139,-33.77878],[151.21195,-33.77958],[151.21222,-33.78045],[151.21206,-33.78111],[151.21175,-33.78149],[151.2121,-33.78188],[151.21247,-33.78341],[151.2132,-33.78429],[151.2142,-33.78457],[151.21616,-33.78444],[151.21651,-33.78506],[151.21741,-33.78553],[151.21797,-33.78565],[151.21901,-33.78566],[151.22017,-33.78527],[151.22069,-33.7853],[151.22244,-33.78641],[151.224,-33.78601],[151.22658,-33.78607],[151.23011,-33.78515],[151.23046,-33.786],[151.23028,-33.78636],[151.2305,-33.78647],[151.23226,-33.77787],[151.23241,-33.77911],[151.23205,-33.77983],[151.23216,-33.78001],[151.23249,-33.78002],[151.23248,-33.78085],[151.23214,-33.78213],[151.23225,-33.78273],[151.23305,-33.7841],[151.2347,-33.78483],[151.2355,-33.78637],[151.23583,-33.78646],[151.23574,-33.78725],[151.23604,-33.78759],[151.23617,-33.78808],[151.23679,-33.78855],[151.23653,-33.78947],[151.23705,-33.78995],[151.23678,-33.79031],[151.23676,-33.79097],[151.23648,-33.79149],[151.23637,-33.7925],[151.2354,-33.79375],[151.23497,-33.79393],[151.235,-33.79409],[151.23552,-33.79432],[151.23576,-33.79502],[151.23629,-33.79547],[151.23767,-33.79555],[151.23734,-33.79709],[151.23919,-33.79841],[151.23904,-33.79875],[151.23842,-33.79887],[151.23745,-33.79989],[151.23513,-33.80181],[151.2348,-33.80231],[151.23513,-33.80332],[151.23575,-33.80409],[151.2363,-33.80426],[151.23815,-33.8042],[151.23917,-33.80381],[151.23992,-33.80399],[151.24079,-33.80397],[151.24097,-33.80416],[151.24172,-33.80395],[151.24223,-33.80406],[151.24235,-33.80375],[151.24224,-33.8036],[151.24274,-33.80327],[151.24376,-33.80201],[151.24531,-33.80138],[151.24601,-33.80169],[151.24908,-33.8015],[151.24965,-33.80079],[151.24977,-33.80016],[151.2507,-33.80012],[151.25053,-33.80024],[151.25023,-33.80115],[151.25018,-33.80202],[151.24983,-33.80305],[151.25221,-33.80239],[151.25269,-33.80263],[151.25289,-33.80293],[151.25246,-33.80336],[151.25239,-33.80366],[151.25295,-33.80456],[151.25293,-33.80539],[151.25313,-33.80561],[151.25232,-33.80576],[151.25139,-33.80647],[151.25108,-33.8068],[151.25122,-33.80729],[151.25218,-33.80837],[151.25359,-33.8096],[151.25369,-33.80986],[151.25337,-33.81023],[151.2535,-33.81052],[151.25531,-33.81082],[151.25654,-33.81151],[151.25922,-33.81163],[151.25934,-33.81203],[151.25961,-33.81205],[151.2599,-33.8124],[151.25994,-33.81288],[151.25976,-33.81299],[151.26007,-33.81382],[151.26044,-33.81412],[151.26079,-33.81488],[151.26107,-33.81509],[151.26129,-33.81687],[151.26116,-33.81771],[151.26145,-33.81792],[151.26204,-33.81802],[151.26223,-33.81779],[151.26258,-33.81776],[151.26309,-33.81727],[151.26319,-33.81657],[151.26307,-33.81591],[151.2638,-33.81453],[151.26557,-33.8138],[151.26591,-33.8134],[151.26803,-33.81282],[151.26864,-33.8117],[151.26918,-33.81112],[151.27101,-33.81132],[151.27307,-33.81257],[151.27376,-33.81224],[151.27449,-33.81099],[151.27486,-33.81071],[151.2748,-33.81036],[151.27522,-33.80871],[151.27511,-33.80815],[151.2739,-33.80746],[151.27384,-33.80709],[151.27359,-33.80685],[151.27373,-33.8067],[151.27318,-33.80625],[151.27265,-33.80609],[151.2722,-33.80517],[151.27148,-33.80463],[151.27115,-33.80456],[151.27101,-33.80477],[151.27054,-33.8044],[151.27015,-33.80372],[151.27009,-33.80279],[151.26972,-33.80213],[151.26949,-33.80204],[151.26875,-33.80047],[151.26808,-33.80001],[151.26682,-33.79952],[151.2662,-33.79959],[151.26523,-33.80037],[151.26522,-33.79937],[151.26612,-33.79801],[151.26696,-33.79787],[151.26775,-33.79801],[151.2683,-33.79769],[151.26891,-33.79781],[151.26922,-33.79811],[151.26976,-33.79832],[151.26995,-33.7987],[151.27101,-33.79899],[151.27122,-33.79918],[151.2712,-33.79949],[151.27162,-33.79981],[151.27201,-33.80043],[151.27317,-33.8009],[151.27458,-33.79983],[151.27467,-33.79994],[151.27477,-33.79982],[151.27554,-33.79995],[151.2759,-33.80068],[151.27839,-33.79938],[151.28021,-33.79984],[151.28023,-33.8],[151.28066,-33.79961],[151.28083,-33.79903],[151.28131,-33.79884],[151.28284,-33.79896],[151.28497,-33.79979],[151.28603,-33.80076],[151.28669,-33.80201],[151.28632,-33.80248],[151.28515,-33.80332],[151.28491,-33.80346],[151.2848,-33.80332],[151.28323,-33.80537],[151.28315,-33.80609],[151.28293,-33.80618],[151.2831,-33.80623],[151.28311,-33.80663],[151.28332,-33.80674],[151.2834,-33.8074],[151.28248,-33.80814],[151.28287,-33.80848],[151.28263,-33.80869],[151.28266,-33.80924],[151.28293,-33.80899],[151.28355,-33.80901],[151.28386,-33.80849],[151.28432,-33.80843],[151.28583,-33.8064],[151.28704,-33.80659],[151.28741,-33.8069],[151.28707,-33.80754],[151.2872,-33.80836],[151.28712,-33.80852],[151.28694,-33.80844],[151.28673,-33.80889],[151.28701,-33.80938],[151.28815,-33.80876],[151.28851,-33.80828],[151.28952,-33.80793],[151.29137,-33.80793],[151.29182,-33.80853],[151.29117,-33.80857],[151.29031,-33.80904],[151.28939,-33.80988],[151.28952,-33.81102],[151.2898,-33.81145],[151.28917,-33.81242],[151.28835,-33.8125],[151.28782,-33.81213],[151.28703,-33.81243],[151.28681,-33.81355],[151.28688,-33.81485],[151.28637,-33.81549],[151.2845,-33.81564],[151.28406,-33.81513],[151.28359,-33.81508],[151.28359,-33.81554],[151.28391,-33.81589],[151.28532,-33.8165],[151.28556,-33.81677],[151.28573,-33.81739],[151.2854,-33.81831],[151.28555,-33.81896],[151.2877,-33.82086],[151.28883,-33.8205],[151.28956,-33.8205],[151.29,-33.82067],[151.29135,-33.82059],[151.29245,-33.82104],[151.2943,-33.82139],[151.29455,-33.82185],[151.29535,-33.82208],[151.2955,-33.82232],[151.29586,-33.82219],[151.29695,-33.82284],[151.29833,-33.82325],[151.29861,-33.82358],[151.29906,-33.82368],[151.29906,-33.82384],[151.29955,-33.82373],[151.3003,-33.82387],[151.30139,-33.82356],[151.30202,-33.82263],[151.30193,-33.82128],[151.30113,-33.82045],[151.30094,-33.81971],[151.30121,-33.81837],[151.30167,-33.8179],[151.3019,-33.81795],[151.3021,-33.81764],[151.30286,-33.81727],[151.30369,-33.81588],[151.30354,-33.81556],[151.30367,-33.81458],[151.30334,-33.81391],[151.30337,-33.81276],[151.30383,-33.8121],[151.30424,-33.81195],[151.30517,-33.81209],[151.30547,-33.81177],[151.30455,-33.81146],[151.30394,-33.81094],[151.30363,-33.8103],[151.30375,-33.80945],[151.30425,-33.80881],[151.30504,-33.80842],[151.30603,-33.80836],[151.30681,-33.80861],[151.30708,-33.80785],[151.30746,-33.80747],[151.30743,-33.80716],[151.30682,-33.80683],[151.30529,-33.80686],[151.30472,-33.80704],[151.30433,-33.80686],[151.30402,-33.80634],[151.30359,-33.80642],[151.30345,-33.80551],[151.30313,-33.80545],[151.30291,-33.80567],[151.30237,-33.80458],[151.30241,-33.8042],[151.30212,-33.8033],[151.30231,-33.80291],[151.30204,-33.80249],[151.30151,-33.80203],[151.30108,-33.80194],[151.3007,-33.80126],[151.30027,-33.80102],[151.29971,-33.79995],[151.29899,-33.79967],[151.29795,-33.7988],[151.29693,-33.79875],[151.29631,-33.79904],[151.29626,-33.79921],[151.29684,-33.79949],[151.29724,-33.80013],[151.29691,-33.80049],[151.29497,-33.8003],[151.29357,-33.80051],[151.29321,-33.8003],[151.29906,-33.79619],[151.29728,-33.79433],[151.29601,-33.79372],[151.29569,-33.7933],[151.29539,-33.79202],[151.29561,-33.78972],[151.29606,-33.78796],[151.28899,-33.78709],[151.28943,-33.7865],[151.29087,-33.78635],[151.2914,-33.78592],[151.29141,-33.78526],[151.29045,-33.78363],[151.2903,-33.78312],[151.29033,-33.78288],[151.29159,-33.78122],[151.29208,-33.78104],[151.29335,-33.78113],[151.29433,-33.78197],[151.29496,-33.7822],[151.29581,-33.78209],[151.2961,-33.78164],[151.29609,-33.78102],[151.29531,-33.77963],[151.29402,-33.77814],[151.29398,-33.77665],[151.29372,-33.77501],[151.29387,-33.77445],[151.29324,-33.77365],[151.29344,-33.77291],[151.29441,-33.77161],[151.29667,-33.7691],[151.2986,-33.76754],[151.29948,-33.76707],[151.30033,-33.76696],[151.3008,-33.76716],[151.30188,-33.76816],[151.30228,-33.76826],[151.30234,-33.76812],[151.30245,-33.76548],[151.30182,-33.76182],[151.30167,-33.76],[151.30048,-33.75837],[151.29962,-33.75674],[151.29934,-33.75487],[151.29895,-33.75464],[151.29802,-33.75485],[151.29739,-33.75418],[151.29731,-33.75327],[151.29754,-33.75254],[151.29942,-33.75066],[151.30315,-33.74786],[151.30441,-33.74674],[151.3057,-33.74584],[151.30756,-33.7449],[151.30887,-33.74382],[151.31061,-33.74333],[151.3112,-33.74293],[151.31449,-33.74198],[151.31492,-33.74194],[151.31696,-33.74233],[151.31732,-33.74216],[151.31748,-33.74179],[151.31517,-33.7406],[151.31384,-33.73882],[151.31338,-33.73855],[151.31212,-33.73833],[151.31073,-33.73882],[151.30863,-33.7389],[151.30775,-33.73851],[151.30691,-33.73772],[151.30631,-33.73677],[151.30615,-33.73622],[151.30619,-33.73516],[151.30575,-33.73425],[151.30485,-33.73343],[151.30364,-33.733],[151.30181,-33.73086],[151.30147,-33.73031],[151.30054,-33.72709],[151.3004,-33.72536],[151.29997,-33.7234],[151.30004,-33.72185],[151.30038,-33.71987],[151.30032,-33.71803],[151.30235,-33.71222],[151.30335,-33.71071],[151.30453,-33.70809],[151.30525,-33.70715],[151.30605,-33.70559],[151.30743,-33.704],[151.30861,-33.70369],[151.30961,-33.70422],[151.31014,-33.70399],[151.31031,-33.70304],[151.30947,-33.7003],[151.30954,-33.70008],[151.31013,-33.69975],[151.31014,-33.69915],[151.31052,-33.69893],[151.31092,-33.69818],[151.31224,-33.69718],[151.31316,-33.69679],[151.31518,-33.69658],[151.3155,-33.69618],[151.31535,-33.69577],[151.31377,-33.69525],[151.31224,-33.69437],[151.31081,-33.69291],[151.31029,-33.69204],[151.30929,-33.69168],[151.30915,-33.69142],[151.30915,-33.68952],[151.30941,-33.68842],[151.31068,-33.68556],[151.31311,-33.68146],[151.31518,-33.6791],[151.31726,-33.67886],[151.3178,-33.67842],[151.31757,-33.67802],[151.31667,-33.67818],[151.31609,-33.67786],[151.31581,-33.67703],[151.3162,-33.67595],[151.31682,-33.67563],[151.31816,-33.67582],[151.31916,-33.67577],[151.31975,-33.67548],[151.32024,-33.67492],[151.31957,-33.67282],[151.31855,-33.6712],[151.31829,-33.67027],[151.31858,-33.66926],[151.31972,-33.66692],[151.32079,-33.66571],[151.32194,-33.66506],[151.32439,-33.66467],[151.32489,-33.66446],[151.32623,-33.66294],[151.32641,-33.66225],[151.32617,-33.66107],[151.32623,-33.65992],[151.32484,-33.65875],[151.32459,-33.65811],[151.32405,-33.65782],[151.32361,-33.65632],[151.32358,-33.65534],[151.32411,-33.65226],[151.32563,-33.64997],[151.32691,-33.64924],[151.32736,-33.64922],[151.3276,-33.64903],[151.3278,-33.64741],[151.32772,-33.64658],[151.32874,-33.64512],[151.32994,-33.6443],[151.33076,-33.64394],[151.33148,-33.6439],[151.3328,-33.64416],[151.33389,-33.64408],[151.33433,-33.64375],[151.33428,-33.64326],[151.33318,-33.64159],[151.33306,-33.6401],[151.33276,-33.63905],[151.33227,-33.63826],[151.33186,-33.63688],[151.33189,-33.63652],[151.33363,-33.63478],[151.334,-33.63413],[151.33463,-33.63362],[151.33657,-33.63372],[151.33832,-33.63404],[151.33957,-33.63389],[151.34015,-33.63315],[151.34039,-33.6325],[151.33998,-33.63189],[151.33991,-33.63075],[151.33965,-33.62996],[151.34021,-33.62883],[151.34082,-33.62676],[151.3415,-33.62607],[151.3434,-33.625],[151.3439,-33.62434],[151.34303,-33.62312],[151.34218,-33.6225],[151.34062,-33.62078],[151.34023,-33.61874],[151.33969,-33.61755],[151.33709,-33.61683],[151.33564,-33.6169],[151.33373,-33.61627],[151.33331,-33.61588],[151.33291,-33.61385],[151.33212,-33.6129],[151.33186,-33.61176],[151.3319,-33.61117],[151.33294,-33.60832],[151.33368,-33.60798],[151.33507,-33.60777],[151.33625,-33.60645],[151.33637,-33.60609],[151.33581,-33.60448],[151.33489,-33.60364],[151.33332,-33.60342],[151.33211,-33.60243],[151.33154,-33.6022],[151.33035,-33.60103],[151.32999,-33.60032],[151.32962,-33.60005],[151.32976,-33.59956],[151.32967,-33.59939],[151.32841,-33.59933],[151.3276,-33.59997],[151.32711,-33.60009],[151.32608,-33.59943],[151.32531,-33.59819],[151.32527,-33.5965],[151.32504,-33.59521],[151.32641,-33.58901],[151.32739,-33.58646],[151.32885,-33.58399],[151.32959,-33.58286],[151.33033,-33.58222],[151.33065,-33.58219],[151.33112,-33.58242],[151.33269,-33.58237],[151.33523,-33.58272],[151.3355,-33.58244],[151.33531,-33.58208],[151.33364,-33.58121],[151.33349,-33.58035],[151.33281,-33.58033],[151.33043,-33.57846],[151.32918,-33.578],[151.32648,-33.57828],[151.32363,-33.57887],[151.32329,-33.57882],[151.32254,-33.57953],[151.32253,-33.57981],[151.31091,-33.57946],[151.31075,-33.57903],[151.31022,-33.57856],[151.30922,-33.57696],[151.30903,-33.57617],[151.30827,-33.5756],[151.30757,-33.57541],[151.30643,-33.57598],[151.30583,-33.57596],[151.30489,-33.57483],[151.30248,-33.57351],[151.30154,-33.57325],[151.30011,-33.57337],[151.29911,-33.57269],[151.29835,-33.57241],[151.29742,-33.57239],[151.29684,-33.57281],[151.29614,-33.57293]]]},"properties":{"lganame":"NORTHERN BEACHES","councilname":"NORTHERN BEACHES COUNCIL","abscode":5990}},{"type":"Feature","geometry":{"type":"Polygon","coordinates":[[[151.28054,-33.83286],[151.28007,-33.83297],[151.27969,-33.83366],[151.27958,-33.83503],[151.2797,-33.83525],[151.27928,-33.83571],[151.27864,-33.83599],[151.27823,-33.83693],[151.27861,-33.83805],[151.27882,-33.83807],[151.2792,-33.83856],[151.27921,-33.8387],[151.27888,-33.83879],[151.2796,-33.83886],[151.27938,-33.83879],[151.2793,-33.83935],[151.27872,-33.83996],[151.27853,-33.84005],[151.27825,-33.83974],[151.27782,-33.83995],[151.278,-33.84043],[151.27712,-33.84024],[151.27678,-33.84036],[151.2765,-33.84075],[151.27675,-33.8414],[151.27776,-33.84129],[151.27785,-33.84144],[151.27794,-33.84134],[151.27921,-33.8419],[151.27946,-33.84182],[151.2795,-33.84217],[151.27981,-33.84195],[151.28087,-33.84174],[151.28149,-33.84252],[151.28177,-33.84347],[151.28113,-33.84598],[151.28118,-33.84623],[151.28094,-33.84657],[151.28046,-33.84691],[151.28014,-33.8467],[151.28,-33.84683],[151.27951,-33.84683],[151.27945,-33.84705],[151.27901,-33.84729],[151.27831,-33.8472],[151.27811,-33.84681],[151.27761,-33.84714],[151.27755,-33.84737],[151.2777,-33.84748],[151.27759,-33.84776],[151.2777,-33.84785],[151.27712,-33.84856],[151.27707,-33.8488],[151.27725,-33.8487],[151.27695,-33.84974],[151.27722,-33.85019],[151.27729,-33.85071],[151.27774,-33.85115],[151.27783,-33.85194],[151.27734,-33.85191],[151.27717,-33.85128],[151.27692,-33.85096],[151.27554,-33.8499],[151.27503,-33.84914],[151.27505,-33.84887],[151.27465,-33.84864],[151.27429,-33.84919],[151.27381,-33.84942],[151.27344,-33.84985],[151.27362,-33.85044],[151.2736,-33.8511],[151.27326,-33.85193],[151.27376,-33.85247],[151.27367,-33.85285],[151.27306,-33.85333],[151.27243,-33.85246],[151.27169,-33.85217],[151.27137,-33.85173],[151.2716,-33.85149],[151.27134,-33.8517],[151.27102,-33.85097],[151.27059,-33.85059],[151.27064,-33.85047],[151.27022,-33.85029],[151.2702,-33.84993],[151.26992,-33.84967],[151.27003,-33.84944],[151.26969,-33.84937],[151.26985,-33.84838],[151.2702,-33.84751],[151.27001,-33.84728],[151.26987,-33.8477],[151.26923,-33.84823],[151.26776,-33.84901],[151.2679,-33.84967],[151.26781,-33.84999],[151.26743,-33.85037],[151.26569,-33.85087],[151.26484,-33.85061],[151.26456,-33.85071],[151.26446,-33.85183],[151.26471,-33.8519],[151.26511,-33.85241],[151.26503,-33.85267],[151.26484,-33.85274],[151.26479,-33.85313],[151.26518,-33.85395],[151.26507,-33.85412],[151.26543,-33.85443],[151.26534,-33.85458],[151.26566,-33.855],[151.26616,-33.85526],[151.26636,-33.85563],[151.26661,-33.85568],[151.26682,-33.85643],[151.26733,-33.85658],[151.26772,-33.85728],[151.26813,-33.85722],[151.26842,-33.85777],[151.26882,-33.85795],[151.26893,-33.85838],[151.2693,-33.85865],[151.2693,-33.85891],[151.26881,-33.8589],[151.2687,-33.85911],[151.26827,-33.85912],[151.26804,-33.85943],[151.2684,-33.85968],[151.26864,-33.86063],[151.26895,-33.86089],[151.26896,-33.86125],[151.26851,-33.86183],[151.26834,-33.86243],[151.26908,-33.86314],[151.26923,-33.86367],[151.26962,-33.86364],[151.2696,-33.8645],[151.26988,-33.86505],[151.27026,-33.86524],[151.27067,-33.86585],[151.27044,-33.86597],[151.27019,-33.86685],[151.26965,-33.86789],[151.26972,-33.86799],[151.26757,-33.87023],[151.26619,-33.87119],[151.26493,-33.87001],[151.26436,-33.86997],[151.26342,-33.87029],[151.26254,-33.87068],[151.26212,-33.87105],[151.26225,-33.87218],[151.26144,-33.87251],[151.25937,-33.87233],[151.25749,-33.87196],[151.25606,-33.8715],[151.25401,-33.87044],[151.25309,-33.86913],[151.25318,-33.86866],[151.25334,-33.86838],[151.25345,-33.86841],[151.25331,-33.86829],[151.25349,-33.86835],[151.25367,-33.86809],[151.25356,-33.868],[151.25398,-33.86763],[151.25417,-33.867],[151.25445,-33.86673],[151.25467,-33.86692],[151.25522,-33.86639],[151.25538,-33.86535],[151.25587,-33.86507],[151.25626,-33.8651],[151.25632,-33.86468],[151.25668,-33.8643],[151.25598,-33.86363],[151.25563,-33.86387],[151.25574,-33.864],[151.25555,-33.8643],[151.25464,-33.86455],[151.25447,-33.86468],[151.25464,-33.86481],[151.25433,-33.86476],[151.25413,-33.86514],[151.25362,-33.86511],[151.25255,-33.86473],[151.25262,-33.86432],[151.25283,-33.86428],[151.25274,-33.86392],[151.25251,-33.86378],[151.25198,-33.86383],[151.25197,-33.86394],[151.25143,-33.86386],[151.24961,-33.86449],[151.24898,-33.86513],[151.24909,-33.86574],[151.2485,-33.86639],[151.24912,-33.86702],[151.24877,-33.86775],[151.24916,-33.86808],[151.24978,-33.86822],[151.25015,-33.86932],[151.24997,-33.86937],[151.25016,-33.86941],[151.24999,-33.86991],[151.24949,-33.87059],[151.24798,-33.87173],[151.24602,-33.87226],[151.24586,-33.87255],[151.24615,-33.87341],[151.24486,-33.87387],[151.2433,-33.87393],[151.24237,-33.87366],[151.24135,-33.87296],[151.24086,-33.87238],[151.24094,-33.87137],[151.24168,-33.86958],[151.2419,-33.86863],[151.24181,-33.86846],[151.24126,-33.86839],[151.24066,-33.86782],[151.24074,-33.86702],[151.24061,-33.86673],[151.24019,-33.86645],[151.23839,-33.86696],[151.23844,-33.86717],[151.23809,-33.86735],[151.23807,-33.86707],[151.23701,-33.86716],[151.23702,-33.86728],[151.23595,-33.86748],[151.23495,-33.86794],[151.23537,-33.87032],[151.23531,-33.87136],[151.23509,-33.87218],[151.23439,-33.8734],[151.23318,-33.87453],[151.23255,-33.87481],[151.23173,-33.87472],[151.23061,-33.87406],[151.2296,-33.87597],[151.22927,-33.87631],[151.22979,-33.87642],[151.22784,-33.87906],[151.22669,-33.87882],[151.2248,-33.87903],[151.22354,-33.87956],[151.22287,-33.88044],[151.22137,-33.88137],[151.22011,-33.88127],[151.21921,-33.88168],[151.21977,-33.88199],[151.22108,-33.88345],[151.2248,-33.88478],[151.22777,-33.88528],[151.23062,-33.88732],[151.23323,-33.88957],[151.23704,-33.89074],[151.23929,-33.89041],[151.24087,-33.88992],[151.24091,-33.88977],[151.24235,-33.88953],[151.24476,-33.88975],[151.24837,-33.89059],[151.25012,-33.89061],[151.2505,-33.89056],[151.25048,-33.89042],[151.25107,-33.89046],[151.2524,-33.89015],[151.25249,-33.89041],[151.25364,-33.89074],[151.2537,-33.89089],[151.25604,-33.88945],[151.25714,-33.88895],[151.25759,-33.88891],[151.25874,-33.88941],[151.25951,-33.88936],[151.26024,-33.88851],[151.26268,-33.88794],[151.26403,-33.88807],[151.26569,-33.8872],[151.26735,-33.88568],[151.26869,-33.88403],[151.27025,-33.88128],[151.2705,-33.87991],[151.27039,-33.87774],[151.27193,-33.87605],[151.27411,-33.87263],[151.27721,-33.86872],[151.27844,-33.86457],[151.2785,-33.86367],[151.27815,-33.86167],[151.27828,-33.86102],[151.28173,-33.85758],[151.28247,-33.85713],[151.28272,-33.85703],[151.28626,-33.8576],[151.28632,-33.85576],[151.28665,-33.85401],[151.2866,-33.85296],[151.28681,-33.85272],[151.28677,-33.85222],[151.28734,-33.85165],[151.28776,-33.8505],[151.28759,-33.84899],[151.28736,-33.84873],[151.28741,-33.84846],[151.28707,-33.84711],[151.28683,-33.84678],[151.28696,-33.84652],[151.28672,-33.84598],[151.28494,-33.84332],[151.2849,-33.84289],[151.2853,-33.84233],[151.28528,-33.84112],[151.28412,-33.83977],[151.28381,-33.83909],[151.28307,-33.83841],[151.28256,-33.83745],[151.28213,-33.83646],[151.28217,-33.83467],[151.28203,-33.83427],[151.28153,-33.83372],[151.28133,-33.83315],[151.28054,-33.83286]]]},"properties":{"lganame":"WOOLLAHRA","councilname":"WOOLLAHRA MUNICIPAL COUNCIL","abscode":8500}},{"type":"Feature","geometry":{"type":"Polygon","coordinates":[[[151.28336,-33.86183],[151.28445,-33.86138],[151.28567,-33.85913],[151.28626,-33.8576],[151.28272,-33.85703],[151.28247,-33.85713],[151.28173,-33.85758],[151.27828,-33.86102],[151.27815,-33.86167],[151.2785,-33.86367],[151.27844,-33.86457],[151.27721,-33.86872],[151.27411,-33.87263],[151.27193,-33.87605],[151.27039,-33.87774],[151.2705,-33.87991],[151.27025,-33.88128],[151.26869,-33.88403],[151.26735,-33.88568],[151.26569,-33.8872],[151.26403,-33.88807],[151.26268,-33.88794],[151.26024,-33.88851],[151.25951,-33.88936],[151.25874,-33.88941],[151.25759,-33.88891],[151.25714,-33.88895],[151.25604,-33.88945],[151.2537,-33.89089],[151.25364,-33.89074],[151.25249,-33.89041],[151.2524,-33.89015],[151.24952,-33.89064],[151.24822,-33.89057],[151.24361,-33.88957],[151.24215,-33.88954],[151.24091,-33.88977],[151.24087,-33.88992],[151.24186,-33.89016],[151.24189,-33.89033],[151.24079,-33.89476],[151.24098,-33.89673],[151.24236,-33.89758],[151.24175,-33.90074],[151.24194,-33.90091],[151.24161,-33.90264],[151.24274,-33.90244],[151.25297,-33.90392],[151.25278,-33.90477],[151.25404,-33.90496],[151.25385,-33.90589],[151.25423,-33.90663],[151.25669,-33.907],[151.25696,-33.90744],[151.25968,-33.90783],[151.25949,-33.90873],[151.26368,-33.90938],[151.2636,-33.90998],[151.27082,-33.91107],[151.27029,-33.91065],[151.27026,-33.91001],[151.26968,-33.90955],[151.27017,-33.90929],[151.26998,-33.90781],[151.27035,-33.90681],[151.27035,-33.9064],[151.27003,-33.90608],[151.26977,-33.90528],[151.26943,-33.90509],[151.26855,-33.90392],[151.26905,-33.90277],[151.27017,-33.90227],[151.27044,-33.90195],[151.27041,-33.90121],[151.27055,-33.90089],[151.2713,-33.90039],[151.27204,-33.90051],[151.27238,-33.90041],[151.27254,-33.90021],[151.27259,-33.89951],[151.27308,-33.89941],[151.27513,-33.89959],[151.27575,-33.89939],[151.27631,-33.89896],[151.27658,-33.89821],[151.27592,-33.89798],[151.27509,-33.89733],[151.27474,-33.8966],[151.27503,-33.89564],[151.2744,-33.89413],[151.27485,-33.89334],[151.27539,-33.89287],[151.27599,-33.89336],[151.2755,-33.89279],[151.27639,-33.89226],[151.27654,-33.89239],[151.27641,-33.89225],[151.27803,-33.8915],[151.28009,-33.89105],[151.28127,-33.89102],[151.28205,-33.89146],[151.28232,-33.89195],[151.28279,-33.8937],[151.28383,-33.89393],[151.28425,-33.89344],[151.28462,-33.89331],[151.28495,-33.89283],[151.28543,-33.8926],[151.28592,-33.89189],[151.28571,-33.89129],[151.28579,-33.89055],[151.28553,-33.88998],[151.28599,-33.88856],[151.28575,-33.88821],[151.28611,-33.88802],[151.28591,-33.8867],[151.28599,-33.88609],[151.28564,-33.8856],[151.28569,-33.88498],[151.28533,-33.8846],[151.28446,-33.8821],[151.28358,-33.88028],[151.28325,-33.87904],[151.28311,-33.87687],[151.28434,-33.87476],[151.28461,-33.87349],[151.28456,-33.87264],[151.28412,-33.87189],[151.284,-33.86994],[151.28419,-33.86803],[151.28394,-33.86712],[151.28421,-33.8648],[151.28374,-33.86341],[151.28304,-33.86251],[151.28302,-33.86216],[151.28336,-33.86183]]]},"properties":{"lganame":"WAVERLEY","councilname":"WAVERLEY COUNCIL","abscode":8050}},{"type":"Feature","geometry":{"type":"Polygon","coordinates":[[[151.20891,-33.7786],[151.20789,-33.77872],[151.20743,-33.77899],[151.2072,-33.77883],[151.17251,-33.78949],[151.17178,-33.79044],[151.17153,-33.79109],[151.17082,-33.79093],[151.17037,-33.79064],[151.16913,-33.79049],[151.16768,-33.79093],[151.16641,-33.79197],[151.16456,-33.79198],[151.16333,-33.79142],[151.16243,-33.79131],[151.161,-33.79221],[151.16028,-33.792],[151.15978,-33.79213],[151.15867,-33.79171],[151.15715,-33.79196],[151.15705,-33.792],[151.15735,-33.79241],[151.15776,-33.79637],[151.1584,-33.79738],[151.15844,-33.79727],[151.15857,-33.79757],[151.15873,-33.7975],[151.15872,-33.79776],[151.15943,-33.79837],[151.15941,-33.79884],[151.15809,-33.80069],[151.15733,-33.8011],[151.15648,-33.80059],[151.15584,-33.80044],[151.15379,-33.80083],[151.15327,-33.8008],[151.1529,-33.80051],[151.15272,-33.79969],[151.15221,-33.79925],[151.15119,-33.79978],[151.15044,-33.79996],[151.15003,-33.7999],[151.14976,-33.79952],[151.14891,-33.79942],[151.14724,-33.79973],[151.14485,-33.80054],[151.14373,-33.8015],[151.14342,-33.80236],[151.14389,-33.80276],[151.14458,-33.80291],[151.14464,-33.80306],[151.15345,-33.80422],[151.16634,-33.80621],[151.16813,-33.8071],[151.17222,-33.80775],[151.17292,-33.80749],[151.17373,-33.80677],[151.17529,-33.80647],[151.17718,-33.80562],[151.17936,-33.80539],[151.1797,-33.80672],[151.1796,-33.80738],[151.17887,-33.8081],[151.17787,-33.80981],[151.17608,-33.81114],[151.17562,-33.81172],[151.17542,-33.81246],[151.17641,-33.81348],[151.17783,-33.81452],[151.17861,-33.81624],[151.17904,-33.81667],[151.17984,-33.81721],[151.18145,-33.81753],[151.18249,-33.81803],[151.18611,-33.82165],[151.18772,-33.82413],[151.18813,-33.82442],[151.18959,-33.82474],[151.19057,-33.82469],[151.19405,-33.82347],[151.19498,-33.82333],[151.19476,-33.82211],[151.20083,-33.82208],[151.20212,-33.82225],[151.20259,-33.81998],[151.20588,-33.82044],[151.20632,-33.81898],[151.20843,-33.81927],[151.20854,-33.81874],[151.20998,-33.81811],[151.21075,-33.81723],[151.2113,-33.81728],[151.21235,-33.81672],[151.21363,-33.81633],[151.21409,-33.81575],[151.21549,-33.81583],[151.21612,-33.81659],[151.21739,-33.81717],[151.21786,-33.81681],[151.21886,-33.81682],[151.21977,-33.8176],[151.22052,-33.81789],[151.2223,-33.8172],[151.22326,-33.81715],[151.22429,-33.81646],[151.22438,-33.81624],[151.22379,-33.81478],[151.22331,-33.81432],[151.22359,-33.81384],[151.22463,-33.81416],[151.22502,-33.81497],[151.22545,-33.81503],[151.22588,-33.81487],[151.22604,-33.8152],[151.22715,-33.81549],[151.22814,-33.81489],[151.22834,-33.81454],[151.22876,-33.81448],[151.22976,-33.81393],[151.22989,-33.81372],[151.23048,-33.81359],[151.23207,-33.81373],[151.23217,-33.81358],[151.2319,-33.81322],[151.23062,-33.81269],[151.23023,-33.81224],[151.23035,-33.81155],[151.2308,-33.81101],[151.23105,-33.81035],[151.23094,-33.80934],[151.23142,-33.80876],[151.23161,-33.80795],[151.23217,-33.80776],[151.23228,-33.80735],[151.23197,-33.8064],[151.231,-33.80613],[151.23044,-33.80547],[151.2299,-33.8054],[151.22897,-33.8057],[151.22817,-33.80574],[151.22732,-33.80522],[151.22556,-33.80487],[151.22517,-33.80503],[151.22422,-33.80598],[151.22398,-33.80602],[151.22371,-33.80648],[151.22315,-33.80656],[151.22243,-33.80698],[151.22227,-33.80648],[151.2219,-33.80634],[151.2214,-33.80631],[151.21932,-33.80673],[151.21899,-33.80617],[151.21804,-33.80561],[151.21745,-33.80545],[151.21658,-33.80549],[151.2182,-33.80526],[151.2204,-33.80558],[151.22281,-33.80452],[151.22295,-33.80424],[151.22264,-33.80384],[151.22266,-33.80365],[151.22249,-33.80366],[151.22185,-33.8031],[151.22104,-33.80279],[151.22281,-33.80263],[151.22316,-33.80236],[151.22324,-33.80198],[151.22364,-33.80183],[151.22396,-33.80104],[151.22432,-33.80107],[151.22514,-33.80223],[151.22569,-33.80253],[151.22624,-33.80247],[151.22744,-33.80195],[151.22834,-33.80236],[151.22997,-33.80245],[151.2305,-33.80222],[151.23088,-33.8014],[151.23084,-33.80106],[151.23008,-33.79995],[151.23032,-33.79968],[151.2306,-33.79858],[151.22947,-33.79763],[151.23021,-33.79635],[151.23082,-33.79575],[151.23022,-33.79502],[151.22999,-33.7948],[151.22929,-33.7946],[151.22863,-33.7957],[151.22745,-33.79654],[151.22542,-33.79693],[151.22443,-33.79728],[151.22345,-33.79711],[151.22343,-33.79727],[151.22221,-33.79731],[151.22126,-33.79777],[151.21895,-33.79697],[151.21756,-33.79751],[151.21696,-33.79796],[151.21626,-33.79799],[151.21622,-33.79779],[151.21765,-33.79705],[151.21756,-33.79675],[151.21909,-33.7964],[151.22068,-33.79687],[151.22169,-33.79636],[151.22276,-33.79529],[151.22294,-33.79483],[151.22276,-33.7944],[151.22281,-33.79413],[151.22243,-33.79381],[151.22076,-33.7932],[151.21948,-33.792],[151.21893,-33.79221],[151.21842,-33.79277],[151.21737,-33.79308],[151.21578,-33.79205],[151.21515,-33.79195],[151.21512,-33.7911],[151.21433,-33.7903],[151.21301,-33.79089],[151.21213,-33.79091],[151.21184,-33.79045],[151.21171,-33.78977],[151.21044,-33.78953],[151.21048,-33.78939],[151.21185,-33.78942],[151.21228,-33.78997],[151.21233,-33.79036],[151.21263,-33.79057],[151.21295,-33.79051],[151.21419,-33.7896],[151.2138,-33.78953],[151.21377,-33.7893],[151.2147,-33.78971],[151.21565,-33.79053],[151.21623,-33.79128],[151.21704,-33.7917],[151.21798,-33.79063],[151.21854,-33.79073],[151.21955,-33.79033],[151.22089,-33.7914],[151.22122,-33.792],[151.22205,-33.79199],[151.22224,-33.79181],[151.22336,-33.79261],[151.22482,-33.79324],[151.22545,-33.79334],[151.22636,-33.79255],[151.22569,-33.79185],[151.2255,-33.79139],[151.22714,-33.79113],[151.22765,-33.79136],[151.22941,-33.79134],[151.22984,-33.79112],[151.23018,-33.79058],[151.23035,-33.79064],[151.23061,-33.79124],[151.23094,-33.79148],[151.23127,-33.7915],[151.2326,-33.79056],[151.23289,-33.79004],[151.23294,-33.78942],[151.23277,-33.78939],[151.23279,-33.78898],[151.23214,-33.78717],[151.23035,-33.78645],[151.23046,-33.786],[151.23011,-33.78515],[151.22658,-33.78607],[151.224,-33.78601],[151.22253,-33.78642],[151.22069,-33.7853],[151.22017,-33.78527],[151.21901,-33.78566],[151.21797,-33.78565],[151.21741,-33.78553],[151.21651,-33.78506],[151.21616,-33.78444],[151.2142,-33.78457],[151.21329,-33.78433],[151.21247,-33.78341],[151.2121,-33.78188],[151.21175,-33.78149],[151.21206,-33.78111],[151.21222,-33.78045],[151.21166,-33.77912],[151.21139,-33.77878],[151.21076,-33.77858],[151.20891,-33.7786]]]},"properties":{"lganame":"WILLOUGHBY","councilname":"WILLOUGHBY CITY COUNCIL","abscode":8250}},{"type":"Feature","geometry":{"type":"Polygon","coordinates":[[[151.06519,-33.75848],[151.0636,-33.75769],[151.06166,-33.7572],[151.05889,-33.75707],[151.0507,-33.75852],[151.04904,-33.75875],[151.04901,-33.75855],[151.04026,-33.76],[151.0369,-33.76093],[151.03551,-33.76161],[151.03189,-33.76398],[151.03084,-33.76437],[151.02915,-33.76465],[151.02784,-33.76461],[151.02662,-33.76436],[151.02388,-33.76324],[151.02211,-33.76281],[151.02026,-33.76271],[151.01882,-33.76284],[151.01676,-33.76344],[151.01329,-33.76504],[151.01024,-33.76609],[150.99866,-33.76771],[150.99849,-33.76775],[150.99876,-33.76805],[150.98231,-33.7723],[150.97287,-33.77328],[150.97168,-33.77427],[150.97045,-33.77337],[150.96756,-33.77291],[150.96815,-33.77135],[150.95889,-33.76828],[150.95957,-33.77104],[150.96067,-33.77331],[150.96369,-33.77749],[150.96532,-33.77942],[150.96499,-33.7796],[150.96082,-33.77849],[150.95704,-33.77959],[150.95718,-33.77997],[150.95651,-33.78002],[150.95553,-33.77853],[150.95463,-33.77799],[150.95451,-33.77814],[150.95183,-33.77656],[150.94758,-33.78042],[150.9491,-33.78226],[150.95032,-33.78432],[150.95116,-33.78629],[150.95158,-33.7881],[150.95242,-33.79497],[150.95303,-33.79703],[150.95374,-33.79839],[150.95475,-33.79978],[150.95593,-33.80107],[150.95687,-33.80181],[150.95857,-33.80274],[150.96024,-33.80335],[150.96462,-33.80411],[150.96629,-33.80455],[150.97106,-33.80659],[150.97505,-33.80798],[150.97769,-33.80828],[150.98259,-33.8078],[150.98497,-33.80785],[150.98796,-33.80849],[150.9909,-33.80968],[150.99003,-33.81095],[150.99396,-33.81509],[150.99409,-33.81595],[150.9929,-33.8161],[150.99361,-33.81856],[150.99174,-33.81881],[150.98905,-33.82285],[150.98858,-33.82384],[150.98803,-33.82416],[150.98828,-33.82432],[150.99463,-33.8273],[150.99631,-33.82783],[150.99862,-33.82801],[151.00255,-33.82745],[151.0041,-33.82747],[151.00496,-33.82765],[151.00436,-33.82933],[151.00616,-33.82955],[151.00756,-33.83009],[151.01893,-33.83726],[151.01952,-33.83669],[151.02022,-33.83651],[151.02175,-33.83673],[151.02216,-33.83663],[151.02312,-33.83562],[151.02312,-33.83485],[151.02377,-33.83447],[151.02445,-33.83441],[151.02584,-33.83499],[151.02803,-33.83501],[151.02922,-33.83532],[151.02989,-33.83524],[151.03701,-33.83914],[151.04539,-33.84348],[151.04725,-33.84471],[151.05444,-33.85031],[151.05696,-33.85194],[151.05962,-33.85341],[151.0634,-33.85532],[151.06546,-33.85609],[151.07052,-33.85698],[151.07152,-33.85629],[151.07635,-33.85441],[151.07837,-33.85332],[151.08016,-33.85178],[151.08142,-33.84999],[151.08106,-33.84887],[151.07939,-33.84881],[151.07802,-33.84647],[151.07804,-33.84607],[151.0791,-33.84496],[151.08069,-33.84438],[151.08086,-33.84402],[151.08059,-33.84347],[151.08014,-33.84358],[151.08053,-33.83941],[151.08003,-33.83936],[151.08037,-33.83505],[151.07871,-33.83496],[151.07842,-33.83521],[151.07811,-33.8352],[151.07829,-33.83494],[151.07857,-33.83484],[151.07847,-33.83472],[151.07863,-33.83452],[151.07849,-33.83447],[151.07775,-33.83514],[151.07671,-33.8351],[151.0766,-33.83399],[151.07527,-33.83269],[151.084,-33.82251],[151.08407,-33.82216],[151.08375,-33.82204],[151.07981,-33.82243],[151.07865,-33.82237],[151.07739,-33.82199],[151.07479,-33.82056],[151.07351,-33.82039],[151.07221,-33.82077],[151.06623,-33.82445],[151.06457,-33.82492],[151.06081,-33.82499],[151.0592,-33.82452],[151.05856,-33.8245],[151.05701,-33.82474],[151.05621,-33.82469],[151.05555,-33.82492],[151.05447,-33.82489],[151.05038,-33.82466],[151.04924,-33.82429],[151.04952,-33.82383],[151.05039,-33.82414],[151.05181,-33.82428],[151.05846,-33.82398],[151.06205,-33.82448],[151.06449,-33.82402],[151.06567,-33.82362],[151.0684,-33.8222],[151.0738,-33.81802],[151.07395,-33.81766],[151.07384,-33.81709],[151.07016,-33.80615],[151.06659,-33.80342],[151.06612,-33.80262],[151.06598,-33.79763],[151.0652,-33.7964],[151.06504,-33.79552],[151.06521,-33.7949],[151.06633,-33.79318],[151.06635,-33.79259],[151.06582,-33.79087],[151.07347,-33.78886],[151.07682,-33.78824],[151.07661,-33.78742],[151.07916,-33.78718],[151.07967,-33.78743],[151.08069,-33.78761],[151.08194,-33.78845],[151.08246,-33.78851],[151.08276,-33.78696],[151.08518,-33.78643],[151.08479,-33.78494],[151.08513,-33.78453],[151.08504,-33.78393],[151.08801,-33.78282],[151.08844,-33.78159],[151.08979,-33.78114],[151.09138,-33.78095],[151.09247,-33.77965],[151.09374,-33.77871],[151.09397,-33.77808],[151.0933,-33.77699],[151.09372,-33.77569],[151.09332,-33.77491],[151.09329,-33.77423],[151.09436,-33.7732],[151.09452,-33.77287],[151.09367,-33.77175],[151.09382,-33.77069],[151.09406,-33.77044],[151.09526,-33.77013],[151.09599,-33.76921],[151.0965,-33.76786],[151.09695,-33.76712],[151.09669,-33.766],[151.09678,-33.76577],[151.09789,-33.76565],[151.09831,-33.76545],[151.09701,-33.76532],[151.09423,-33.76447],[151.09273,-33.76424],[151.09078,-33.76421],[151.09079,-33.76453],[151.08596,-33.76452],[151.08598,-33.76426],[151.08252,-33.76406],[151.07694,-33.76263],[151.07154,-33.76199],[151.06913,-33.76117],[151.06519,-33.75848]]]},"properties":{"lganame":"CITY OF PARRAMATTA","councilname":"CITY OF PARRAMATTA COUNCIL","abscode":6260}},{"type":"Feature","geometry":{"type":"Polygon","coordinates":[[[151.08933,-33.82284],[151.08897,-33.82308],[151.08756,-33.82299],[151.0871,-33.82315],[151.08352,-33.82734],[151.08321,-33.82791],[151.08296,-33.83436],[151.08405,-33.83452],[151.08331,-33.83574],[151.08322,-33.83637],[151.0828,-33.8363],[151.08268,-33.83796],[151.08238,-33.83931],[151.082,-33.83956],[151.08053,-33.83941],[151.08014,-33.84358],[151.08059,-33.84347],[151.08086,-33.84402],[151.08069,-33.84438],[151.0791,-33.84496],[151.07804,-33.84607],[151.07802,-33.84647],[151.07939,-33.84881],[151.08106,-33.84887],[151.08465,-33.85979],[151.08548,-33.86126],[151.08626,-33.86209],[151.08647,-33.86263],[151.08741,-33.86343],[151.08812,-33.86514],[151.09066,-33.86551],[151.09128,-33.86731],[151.09151,-33.86736],[151.0914,-33.86766],[151.09183,-33.86917],[151.09335,-33.87065],[151.09466,-33.87152],[151.09494,-33.87032],[151.09459,-33.87023],[151.09575,-33.86709],[151.10049,-33.86838],[151.11321,-33.86986],[151.1168,-33.8707],[151.1235,-33.87154],[151.12458,-33.87205],[151.12758,-33.87419],[151.12812,-33.87384],[151.13048,-33.87318],[151.13191,-33.87324],[151.13339,-33.87293],[151.13689,-33.87314],[151.13749,-33.87286],[151.13835,-33.8721],[151.14208,-33.87043],[151.14143,-33.87011],[151.14109,-33.86953],[151.14118,-33.86889],[151.14167,-33.8684],[151.14254,-33.8682],[151.14297,-33.86793],[151.14385,-33.86789],[151.14541,-33.86701],[151.14633,-33.86681],[151.14748,-33.86607],[151.14932,-33.86617],[151.14962,-33.866],[151.14976,-33.86562],[151.14936,-33.86517],[151.14709,-33.8655],[151.14539,-33.86497],[151.14488,-33.86432],[151.14448,-33.86327],[151.14452,-33.86304],[151.14605,-33.86251],[151.1481,-33.86254],[151.14947,-33.86225],[151.1498,-33.86209],[151.15009,-33.86149],[151.15097,-33.86083],[151.15111,-33.86057],[151.15272,-33.85984],[151.15305,-33.85906],[151.15403,-33.85896],[151.15513,-33.85961],[151.15545,-33.85947],[151.15615,-33.85957],[151.15644,-33.85946],[151.1568,-33.85913],[151.1566,-33.8576],[151.15692,-33.85728],[151.15788,-33.85733],[151.15858,-33.85796],[151.15954,-33.85823],[151.15981,-33.85817],[151.15988,-33.85833],[151.16068,-33.85826],[151.16142,-33.85719],[151.16243,-33.85642],[151.16254,-33.85654],[151.16467,-33.8554],[151.16451,-33.85495],[151.1647,-33.85474],[151.16442,-33.85445],[151.16411,-33.85439],[151.16355,-33.85478],[151.16285,-33.85431],[151.16343,-33.85387],[151.1629,-33.85344],[151.16233,-33.85367],[151.16218,-33.85329],[151.16143,-33.85268],[151.16139,-33.85255],[151.16181,-33.85226],[151.16174,-33.85213],[151.1615,-33.85207],[151.16123,-33.85225],[151.16108,-33.8521],[151.16129,-33.85188],[151.16083,-33.85196],[151.16074,-33.85179],[151.16111,-33.85153],[151.16091,-33.85149],[151.16062,-33.85169],[151.15995,-33.85035],[151.15946,-33.85028],[151.15939,-33.84998],[151.15973,-33.84974],[151.15881,-33.84872],[151.15742,-33.84794],[151.15713,-33.84792],[151.15723,-33.84786],[151.15668,-33.84755],[151.15644,-33.84684],[151.15726,-33.84591],[151.15698,-33.84563],[151.15718,-33.84551],[151.15712,-33.84541],[151.15695,-33.84561],[151.15557,-33.84549],[151.15557,-33.84568],[151.15539,-33.84569],[151.15539,-33.84548],[151.15437,-33.84545],[151.15412,-33.84569],[151.15399,-33.84565],[151.15406,-33.84545],[151.15367,-33.84542],[151.15328,-33.84505],[151.15304,-33.84451],[151.15309,-33.84365],[151.15326,-33.84356],[151.15318,-33.84344],[151.15367,-33.84329],[151.15361,-33.84321],[151.15419,-33.84284],[151.15429,-33.84236],[151.15399,-33.84221],[151.15401,-33.84206],[151.15354,-33.84242],[151.15311,-33.84252],[151.15209,-33.84237],[151.15199,-33.84215],[151.15183,-33.84217],[151.1513,-33.84237],[151.1507,-33.8429],[151.14942,-33.84324],[151.14904,-33.84318],[151.14871,-33.84351],[151.14787,-33.84387],[151.14757,-33.84434],[151.14715,-33.84444],[151.14703,-33.84411],[151.14692,-33.84414],[151.14691,-33.84439],[151.14656,-33.84459],[151.14665,-33.84425],[151.14623,-33.84421],[151.14556,-33.84386],[151.14532,-33.84401],[151.14491,-33.84355],[151.14448,-33.84366],[151.14462,-33.84379],[151.14446,-33.84393],[151.14463,-33.84407],[151.14443,-33.84417],[151.14436,-33.84464],[151.14451,-33.84475],[151.14438,-33.84481],[151.14498,-33.84503],[151.14572,-33.84574],[151.14661,-33.84575],[151.14702,-33.84594],[151.14841,-33.84594],[151.14941,-33.84655],[151.14938,-33.84689],[151.14962,-33.84695],[151.14943,-33.84697],[151.14954,-33.84705],[151.14877,-33.84793],[151.14839,-33.84936],[151.14767,-33.85029],[151.14554,-33.85138],[151.14284,-33.85319],[151.14203,-33.85339],[151.14097,-33.85311],[151.14057,-33.85271],[151.14041,-33.8522],[151.14067,-33.85151],[151.14102,-33.8512],[151.14159,-33.85106],[151.14251,-33.84962],[151.14369,-33.84898],[151.14361,-33.8484],[151.14289,-33.84738],[151.14263,-33.84725],[151.14245,-33.84636],[151.14209,-33.84586],[151.14146,-33.84563],[151.14092,-33.84573],[151.14059,-33.84585],[151.14009,-33.84645],[151.13798,-33.84704],[151.13604,-33.84932],[151.13365,-33.84927],[151.13317,-33.8495],[151.13244,-33.84921],[151.1321,-33.84886],[151.13245,-33.84819],[151.13243,-33.8476],[151.13159,-33.84593],[151.13099,-33.8453],[151.1302,-33.84509],[151.13007,-33.84493],[151.13014,-33.84463],[151.13039,-33.84449],[151.13035,-33.84407],[151.13009,-33.84375],[151.12949,-33.84368],[151.12869,-33.84402],[151.128,-33.84397],[151.12783,-33.84379],[151.12694,-33.8442],[151.12719,-33.84476],[151.12668,-33.84548],[151.12461,-33.8463],[151.12321,-33.84708],[151.12225,-33.84796],[151.12219,-33.84889],[151.12243,-33.8494],[151.12308,-33.84993],[151.12425,-33.8502],[151.12429,-33.85002],[151.12447,-33.84999],[151.12507,-33.85008],[151.12553,-33.85037],[151.12588,-33.85086],[151.12623,-33.85192],[151.12627,-33.85266],[151.12599,-33.85404],[151.12745,-33.85622],[151.1279,-33.85799],[151.12849,-33.85913],[151.12868,-33.86038],[151.12857,-33.86094],[151.12788,-33.86169],[151.12611,-33.86218],[151.12615,-33.86234],[151.124,-33.86265],[151.12397,-33.86248],[151.12263,-33.86282],[151.12038,-33.8646],[151.11941,-33.86479],[151.11859,-33.8646],[151.1179,-33.86406],[151.11761,-33.86283],[151.11605,-33.86157],[151.11589,-33.86113],[151.11598,-33.86072],[151.11638,-33.86042],[151.11833,-33.85982],[151.12055,-33.85937],[151.12145,-33.85868],[151.12184,-33.85765],[151.121,-33.85662],[151.12066,-33.85668],[151.12041,-33.8572],[151.11898,-33.85708],[151.11891,-33.85687],[151.11767,-33.85728],[151.11706,-33.85715],[151.11429,-33.85516],[151.11386,-33.85503],[151.11407,-33.85491],[151.11379,-33.85401],[151.11406,-33.85345],[151.11477,-33.85313],[151.11584,-33.85317],[151.11704,-33.85353],[151.11829,-33.85353],[151.11924,-33.85326],[151.11977,-33.85286],[151.11972,-33.85259],[151.11924,-33.85217],[151.1193,-33.85184],[151.1191,-33.85168],[151.11927,-33.85138],[151.11881,-33.85093],[151.11781,-33.8509],[151.11668,-33.85124],[151.11595,-33.85107],[151.11523,-33.85053],[151.11504,-33.84948],[151.11549,-33.84884],[151.11636,-33.84815],[151.11651,-33.84819],[151.11677,-33.84775],[151.11705,-33.84777],[151.11804,-33.84723],[151.11838,-33.84645],[151.11858,-33.84638],[151.11847,-33.8459],[151.11871,-33.84512],[151.11987,-33.84424],[151.1201,-33.84283],[151.12072,-33.84182],[151.11973,-33.84175],[151.11926,-33.84195],[151.1184,-33.842],[151.1165,-33.84134],[151.11618,-33.84158],[151.1159,-33.84266],[151.11575,-33.84266],[151.11585,-33.84284],[151.11556,-33.84328],[151.11505,-33.84359],[151.11432,-33.84351],[151.11399,-33.84329],[151.11298,-33.84045],[151.11224,-33.83946],[151.11174,-33.8378],[151.11126,-33.8379],[151.11064,-33.83838],[151.10934,-33.83868],[151.10802,-33.83859],[151.1068,-33.83805],[151.10647,-33.83824],[151.10662,-33.83799],[151.10609,-33.83762],[151.10586,-33.83774],[151.10618,-33.83742],[151.1058,-33.83769],[151.10598,-33.83731],[151.10555,-33.83728],[151.10542,-33.83626],[151.10564,-33.83602],[151.10514,-33.83532],[151.10489,-33.83521],[151.10471,-33.83477],[151.10415,-33.83444],[151.10381,-33.83472],[151.10381,-33.83501],[151.10493,-33.83882],[151.10489,-33.84026],[151.10464,-33.841],[151.10334,-33.84344],[151.10255,-33.84423],[151.10185,-33.84448],[151.10082,-33.84458],[151.09956,-33.84412],[151.09934,-33.84387],[151.09922,-33.84321],[151.09978,-33.84181],[151.10103,-33.84103],[151.10234,-33.83908],[151.10244,-33.83831],[151.10218,-33.83805],[151.10168,-33.83789],[151.1003,-33.83801],[151.09943,-33.83791],[151.09741,-33.83873],[151.096,-33.84001],[151.0953,-33.84033],[151.0945,-33.84034],[151.09398,-33.83994],[151.09386,-33.83965],[151.09498,-33.83885],[151.09474,-33.83841],[151.09511,-33.83762],[151.09639,-33.8369],[151.09763,-33.83644],[151.09901,-33.8362],[151.09892,-33.8355],[151.0984,-33.83483],[151.09836,-33.83441],[151.09851,-33.83404],[151.0991,-33.83341],[151.09918,-33.83233],[151.09899,-33.83187],[151.09852,-33.83145],[151.09781,-33.83122],[151.09725,-33.83071],[151.09668,-33.83078],[151.09608,-33.83131],[151.09584,-33.83244],[151.09528,-33.83345],[151.09434,-33.83433],[151.09324,-33.83486],[151.09233,-33.83507],[151.09141,-33.83469],[151.09103,-33.83403],[151.08984,-33.83303],[151.09086,-33.83245],[151.09051,-33.83161],[151.08951,-33.83156],[151.08957,-33.8305],[151.08992,-33.82983],[151.09052,-33.8293],[151.09248,-33.82886],[151.09312,-33.82849],[151.09329,-33.82803],[151.09303,-33.82727],[151.09419,-33.82574],[151.09438,-33.8257],[151.09432,-33.82521],[151.09358,-33.82433],[151.09284,-33.82421],[151.09234,-33.82358],[151.08933,-33.82284]]]},"properties":{"lganame":"CANADA BAY","councilname":"CITY OF CANADA BAY COUNCIL","abscode":1520}}]}